user	item	prediction
65	2194	4.231167152711171
157	209	4.0
157	296	4.0
157	527	4.0
157	912	4.0
157	1090	4.0
157	1204	4.0
157	1208	4.0
157	1217	4.0
157	1221	4.0
157	1222	4.0
157	1263	4.0
157	1299	4.0
157	1408	4.0
157	1944	4.0
157	2019	4.0
157	2194	4.0
157	2944	4.0
157	3062	4.0
157	3196	4.0
157	3342	3.454275694631778
157	3519	3.454275694631778
157	3654	4.0
157	3733	4.0
157	3753	4.0
157	3811	4.0
164	3916	4.33521491121035
169	2937	2.61752681341811
192	3949	3.631505491104568
193	39	3.4202282030874285
193	235	3.084204116140125
193	334	3.166069972573354
193	357	3.1800370736156456
193	377	3.038472695307068
193	457	3.135724159802677
193	480	3.025139619374797
193	593	3.2826012673831086
193	952	3.022463140700122
193	955	2.9950725624412544
193	1031	2.982281652991461
193	1073	3.0347114987545054
193	1127	2.817244247766712
193	1162	2.9659308836546745
193	1172	2.866945320936463
193	1175	2.803109436395256
193	1197	3.044694799722814
193	1198	3.227056815112864
193	1199	2.6859351893031875
193	1204	2.9565869075452653
193	1224	2.930484806888184
193	1225	3.101603519145984
193	1233	3.154785908737947
193	1264	3.0290446858687354
193	1293	3.2009351212420456
193	1374	2.9139440736058515
193	1394	2.627456979343612
193	1748	3.44498398076
193	1885	3.272184039160234
193	1912	3.266857484723434
193	1914	3.0197482758920327
193	1957	3.1489260177485567
193	2020	3.0332318705420223
193	2094	2.90167568321903
193	2099	2.9619759728358583
193	2150	2.9834177393328374
193	2208	2.875546410056011
193	2366	2.9378950289171506
193	2396	3.3028405793132443
193	2571	3.10684181885899
193	2716	3.08955297163599
193	2723	3.2522293248606644
193	2791	2.966763936318093
193	2871	3.277306876084217
193	2912	2.900806021993142
193	2937	3.179860452262094
193	2968	2.430190428591398
193	2973	2.760199595846506
193	2987	3.313084252553858
193	3000	3.076307088522968
193	3019	2.6766314359598424
193	3072	2.888475554799655
193	3088	2.9102019316196635
193	3096	2.6239827083927825
193	3153	2.7599462788779867
193	3267	3.483985611676846
193	3334	3.064078131974832
193	3361	3.097571239155365
193	3396	2.948085497326644
193	3406	3.1352119532955323
193	3548	2.926535482261905
193	3576	1.5982987012323375
193	3703	2.789361067031047
193	3770	2.7904486544978018
193	3927	3.021502035705549
195	6	4.454410333376683
195	910	3.695727187711602
195	1361	3.246333748823638
195	1953	4.653600395608105
195	2004	2.847131896089289
195	2064	4.010539649739906
195	2340	2.902006667734047
195	2512	3.867835561243536
195	2630	3.454275694631778
195	2908	3.718155334485176
195	2997	3.8131586495746137
195	3088	3.2996737044261724
195	3090	4.32397143473401
195	3095	3.545117460441989
195	3134	3.65177328597488
195	3327	3.3396753610819654
195	3386	3.3849619930687127
195	3471	4.070640666271817
195	3951	3.4454956526168448
231	1036	4.813574855834633
231	1127	4.815582656541044
231	1196	4.856192764334582
231	1198	4.879013823534852
231	1220	4.832030574648334
231	1246	4.7790576078903175
231	1286	4.831024818366869
231	1307	4.701656426690193
231	1674	4.8326287705720095
231	2000	4.86679448692092
231	2110	4.563156686672827
231	2144	4.802548612642305
231	2194	4.848275616169772
231	2248	4.665977400048691
231	2797	4.879777005810572
231	2918	4.800604343578356
231	3361	4.72729490238811
231	3397	4.621367000281735
231	3505	4.703266002271969
237	2454	3.36694893185126
237	2648	3.8137731880545176
306	999	2.0
306	1729	3.0801730555685465
306	2329	3.092737169211325
306	2683	3.0135789667187667
343	19	4.40007566933136
343	39	4.088746274208496
343	89	3.5731326294095678
343	208	3.608723855282524
343	258	3.9025960864696345
343	276	3.957816615511543
343	302	4.2721649686957335
343	589	4.005342739155957
343	1101	4.124127884978435
343	1188	4.498560132764278
343	1350	4.188636817866889
343	1353	3.665123203337169
343	1479	3.759585221808758
343	1487	3.881927571688973
343	1517	4.256000698440884
343	1562	3.983928907768232
343	1676	3.73917139383403
343	1801	3.779315096677844
343	1894	3.8036342989525145
343	1954	4.0095452296172205
343	2000	4.301085604978389
343	2034	4.445176203857017
343	2080	4.014453423340689
343	2194	4.254682383105165
343	2243	4.2406706066283
343	2249	4.288223141261262
343	2291	4.1343720198257214
343	2302	4.411402255562655
343	2321	4.442002862061377
343	2375	3.4658992965267608
343	2409	4.239297893269077
343	2410	3.7247528172666473
343	2411	3.485822825949257
343	2572	4.073264408320895
343	2840	4.110189953943404
343	2882	3.779290069436296
343	3268	4.400812292972527
343	3355	3.8953589099047896
343	3479	3.977769528148395
343	3670	4.553317312914484
349	593	3.291738709481065
349	923	3.4987003964800336
349	1466	3.285455042373426
349	1953	3.738806977947942
349	2186	3.1796003411473373
349	2985	3.855345853349328
355	1729	3.758869391260929
424	6	4.381844305485563
424	22	2.5600559269023524
424	69	2.623605798060571
424	89	4.002310539175788
424	176	4.156915048529331
424	232	3.732220924566129
424	254	4.404942334908482
424	353	4.072769483073101
424	410	2.9841155488124502
424	509	3.764310550857529
424	529	3.4904534084146226
424	574	3.402538063076967
424	599	4.019722777530391
424	647	2.9537788815632773
424	688	2.34416780875924
424	707	4.01614757029512
424	905	3.1972540823011624
424	922	3.1420448509823
424	955	3.9805128414295647
424	1096	3.7996548331358464
424	1114	4.307726587459122
424	1209	4.321302293468047
424	1241	2.671333763578287
424	1245	3.640534091170597
424	1274	3.104693897746303
424	1284	4.856808099889537
424	1292	4.29350658193508
424	1449	3.227765818096254
424	1487	3.7018418413580574
424	1580	3.535562354528786
424	1648	3.4842582834651856
424	1719	3.723462546423357
424	1912	3.493997788611574
424	1913	3.9071601417990975
424	1922	2.86127906957391
424	1945	3.619457907205121
424	1985	2.238954042896044
424	1986	2.100686639394905
424	2010	3.862164243860092
424	2132	4.128394127769532
424	2541	2.4728162328629133
424	2686	3.633489599605953
424	2692	3.7256802724018394
424	2719	3.7627078055782808
424	2722	3.423559637870433
424	2781	4.0
424	2936	3.561006165156935
424	2966	3.8659638100278095
424	3007	3.933694822972421
424	3052	3.312913181307549
424	3053	3.58915887537699
424	3182	4.0
424	3317	3.961260260360704
424	3327	3.3253751271430034
424	3328	3.700148156467375
424	3340	3.6186633982507215
424	3347	4.148934275456196
424	3362	3.387161298812098
424	3422	3.0
424	3423	3.335326987436264
424	3457	3.385471491766679
424	3475	4.246107878156403
424	3504	3.7591932293508505
424	3543	3.51402903313718
424	3549	4.151425189193444
424	3556	4.108057297673352
424	3755	3.3619706904597177
424	3785	3.603176872639528
424	3819	5.0
424	3863	3.480774125713948
424	3882	2.76851248874376
424	3893	3.888486279843132
424	3925	4.054833786257994
424	3948	3.6407226926444993
528	191	2.5148115834170284
528	500	2.729474303605362
528	899	2.982184327384981
528	911	2.8343108465160283
528	1257	2.7023561764882764
528	1676	3.0436480569331734
528	1923	2.9187048037440086
528	2501	3.212381615200852
528	2599	3.34961034138544
528	3250	3.182803896227481
528	3439	3.4864120111603887
528	3468	2.617772673042729
528	3791	2.9822507178886792
528	3897	3.1722813855774192
531	998	2.9597076487859684
531	1422	2.997794621334672
531	3039	3.201633667012431
549	193	2.590499717528087
549	3578	2.836267264439205
624	928	4.261641903783588
624	1178	3.409034358446121
624	1212	3.785836865860607
624	1244	3.629784157596064
624	1245	4.048031865451131
624	2686	3.642824809188455
624	3634	3.8932291409301993
624	3723	3.6282247168881456
624	3751	3.734363800763078
624	3783	3.923443263736874
624	3896	3.4026585918441223
648	302	2.402733647958302
737	180	3.536713728085681
737	260	3.388445771552429
737	288	3.0471713596180137
737	318	3.824273105621858
737	373	3.00719823708119
737	535	3.4911268379860108
737	593	3.4631277530447315
737	913	3.393277535155394
737	930	3.637891321565888
737	953	3.453615579960302
737	1028	3.4931658705062327
737	1080	3.222784326516085
737	1103	3.2734452985781304
737	1196	3.7616464241112793
737	1210	3.500113079951248
737	1215	2.786702578162663
737	1219	3.597803949083433
737	1221	3.73620434879758
737	1234	3.472515953985307
737	1247	3.752550574519287
737	1356	3.143983573049109
737	1527	3.612391844503714
737	1639	3.348142266471826
737	1884	3.8083963791802895
737	1945	3.630699282269648
737	2028	3.4563168320559363
737	2300	3.3376169627494083
737	2321	3.809042906558076
737	2413	3.7685854934922616
737	2571	3.519203703523884
737	2628	3.3892333938643318
737	2702	3.5053401607101007
737	2724	3.3216272522822905
737	2810	3.6219111170018
737	2890	3.450839862774973
737	2968	3.748246249542098
737	3033	3.6598516776923935
737	3328	4.10064551938124
737	3408	3.904440374663135
737	3462	3.642576421558852
737	3471	3.583927007413924
737	3578	3.621217855848694
737	3623	3.889438122525661
737	3785	3.996635139576331
737	3863	3.480410698638897
737	3949	3.6839888223741695
752	86	3.370315483543524
752	230	3.5856753580624448
752	322	3.4361955147655125
752	415	3.015485379064433
752	574	2.8303804413931832
752	589	3.074885697320373
752	1135	2.1754476918051897
752	1372	2.5932806847347525
752	1373	3.002269467942887
752	1374	2.524251681202614
752	1376	2.6680095770587
752	1799	2.400167906387037
752	1974	2.279654040684981
752	1994	3.313214479654497
752	2120	2.4528028636273502
752	2374	2.170929759231944
752	2401	3.1527946147430903
752	2404	2.474526159456937
752	2423	3.250327485172105
752	2451	2.860674899309831
752	2455	2.773685049006622
752	2721	2.9991710809690213
752	2836	2.7913744425171
752	2862	4.613310703064751
752	2872	2.791702560378249
752	2900	2.576218197123393
752	3079	3.239063931423904
752	3169	2.730870914243384
752	3499	3.07355002489196
752	3703	2.960822945103297
753	88	4.025714606166011
753	569	3.518485431345024
753	1474	4.4265200771983935
753	2003	3.8461242378821785
753	2004	3.9164488030328792
753	2053	4.127673204609289
753	2054	3.8981726614284815
753	2797	4.233939101435592
791	3755	3.456622625323406
795	1689	3.273826275014079
795	2357	3.790354890078361
795	2711	3.0
840	950	4.756540226759292
911	597	3.887281033926321
911	1201	3.712400854691969
911	1292	3.901548681487521
911	1653	3.864061272662896
911	2058	3.797718795409876
911	2761	3.838190225509961
911	2764	3.7539660411540976
911	2779	3.883321037030644
911	3244	3.9571798809399086
911	3341	3.454275694631778
911	3408	3.9525890208902346
911	3733	3.491543096681327
930	10	3.0153953766244466
930	45	2.671662419219471
930	110	3.0155962228054243
930	454	2.950790299447375
930	480	3.037933189841925
930	1147	3.4550544345025926
930	1361	2.179501839554121
930	1653	3.25023563584766
930	2012	2.7140053018362504
930	2261	2.759535572561005
930	2692	2.891888950648054
930	2772	3.142860884603931
930	2796	2.9416946930775363
930	2803	2.676195209790536
930	2889	3.423083351514408
930	2959	2.8586738855047464
930	2985	3.037289664104232
930	2987	3.203362146541508
930	3317	2.83545475299364
930	3481	2.629978369821096
930	3755	2.9470487849879388
930	3897	2.983409845522865
937	247	3.8536701478289928
937	500	3.56716312396734
937	595	3.479860992153893
937	899	3.6731984209280366
937	1089	3.6480041985873135
937	1179	3.5067190962925814
937	1295	3.9053818400775353
937	1330	2.898742559626386
937	1380	3.413473261840476
937	1499	3.438795821756256
937	1729	3.0804111768227664
937	1981	2.6359313338538595
937	1998	3.3736592215815238
937	2004	3.3036196167399425
937	2120	2.950968675491407
937	2797	3.971287382727583
937	2959	3.2210656403493214
937	3039	3.5960532296955425
1019	18	2.178317266234576
1019	500	2.9614314350866717
1019	520	2.625014554887158
1019	555	2.689434850799348
1019	1262	3.426930055347316
1019	1569	2.5465095957293262
1019	2321	2.995841580467081
1019	2872	3.1120099549160423
1051	1333	2.288977493620843
1051	1350	2.5756088520914875
1088	1	3.373383464344498
1088	5	2.6200040315196977
1088	6	3.5385674207126625
1088	22	2.5672052326040595
1088	36	3.5134464133123475
1088	39	3.133065838524417
1088	45	3.934927018002616
1088	85	2.64103315124683
1088	125	3.2380779241879387
1088	164	2.8718228743599723
1088	190	3.2
1088	194	3.696609098901353
1088	218	3.569447696609794
1088	222	3.314973909670678
1088	258	2.567409360178409
1088	280	3.450922184734688
1088	282	3.61028962162135
1088	293	3.3877025487591808
1088	355	3.205972524765708
1088	441	2.8607475726641627
1088	460	3.0308933108319542
1088	469	3.1931360313391046
1088	471	3.185271968914224
1088	486	2.810210592832861
1088	515	3.092067627688576
1088	516	3.57243154093515
1088	536	3.169438106026
1088	593	3.480350944168529
1088	609	2.659801173378567
1088	708	3.2482345068300718
1088	745	3.558206555697436
1088	786	3.1042517174679607
1088	800	3.675377416559286
1088	933	2.9577437298565434
1088	935	3.4100903459119354
1088	944	4.00712473322308
1088	950	3.9351550362483385
1088	955	3.344182750455711
1088	971	3.1707896580456585
1088	994	3.3680777112369684
1088	1020	2.6471297483719423
1088	1022	3.524168694953733
1088	1034	1.0
1088	1047	3.697300489512061
1088	1049	2.3843008334946765
1088	1059	3.647193257966817
1088	1092	3.0813413313056945
1088	1101	2.467619040709777
1088	1148	3.1197561672899528
1088	1171	3.0300382731173663
1088	1172	3.699403180968429
1088	1212	3.412274381631724
1088	1223	3.22581780760962
1088	1225	3.8734450566542873
1088	1226	3.022850504086674
1088	1247	3.7767865589306377
1088	1258	3.41818048785912
1088	1269	3.3980112502596485
1088	1278	3.36787848719514
1088	1285	3.2496782852329518
1088	1320	3.381663911527457
1088	1387	3.7705709680397073
1088	1391	3.57022219644569
1088	1417	4.234080970306979
1088	1422	2.736928841281049
1088	1457	2.7575237399870725
1088	1499	2.1903439353066174
1088	1562	3.464798259725122
1088	1584	3.392641806059298
1088	1587	2.662459627212292
1088	1588	2.0
1088	1597	3.3395289909899173
1088	1603	3.5547323047073465
1088	1605	3.5767724762817683
1088	1635	2.895925529386375
1088	1658	3.3384853047450167
1088	1682	3.4576852717578097
1088	1686	3.05632390313223
1088	1690	2.680638660167216
1088	1721	3.5754840112303232
1088	1727	3.375232151937376
1088	1769	4.0
1088	1777	3.618728516213688
1088	1784	3.4508171337377416
1088	1798	3.618768064318017
1088	1833	3.0943765665873424
1088	1845	3.034789280228444
1088	1885	3.545595032390339
1088	1895	3.13024189275253
1088	1917	3.2319838432574093
1088	1920	3.562635668758791
1088	1921	3.1341868355956537
1088	1934	3.3680594437142357
1088	1937	4.107182988649197
1088	1939	3.8677012182426935
1088	1942	3.229302684223567
1088	1948	3.758276401259974
1088	1967	2.690265694150172
1088	1982	2.8207785616768737
1088	1997	3.063942008327904
1088	2001	3.808400041701436
1088	2058	2.9542593900645877
1088	2062	3.729553263761248
1088	2080	3.086560116974355
1088	2125	2.9707028514199374
1088	2130	3.999855398270998
1088	2135	4.059859237964261
1088	2143	2.7458396147743334
1088	2160	3.123267584430648
1088	2169	2.7470770792894443
1088	2176	2.887367308934095
1088	2179	2.578597772179372
1088	2184	2.75031553703444
1088	2248	2.9732248055859007
1088	2269	3.241102511957937
1088	2276	3.5
1088	2289	3.5420124647746096
1088	2292	3.7773936257838794
1088	2300	3.157486094215371
1088	2315	2.585466421087633
1088	2321	3.6532998870017255
1088	2333	3.1136490448419702
1088	2336	3.291550335460721
1088	2338	2.677580753408229
1088	2396	3.6936851706299856
1088	2406	3.195495115714432
1088	2428	2.82719871359994
1088	2445	3.55944825348636
1088	2474	3.3014632887262625
1088	2500	2.9601652598930537
1088	2546	3.3142297910254146
1088	2548	2.4753553030135254
1088	2570	3.38666344836898
1088	2571	3.4084916818200126
1088	2580	3.047474563281098
1088	2622	3.49558642026478
1088	2640	3.580127081531773
1088	2642	3.2923540672657885
1088	2686	2.789290991473957
1088	2687	3.329566414577092
1088	2688	2.943636287026467
1088	2719	3.2089195591958037
1088	2732	3.620714742590596
1088	2745	3.669653318351264
1088	2762	2.921052522745903
1088	2769	2.626683804391805
1088	2770	3.498613643130509
1088	2801	1.6513878188659974
1088	2806	2.3785008722874363
1088	2822	3.9113187543940566
1088	2828	2.795871156673312
1088	2842	3.004958544834356
1088	2870	4.0
1088	2871	4.180598212391656
1088	2876	3.098527331173721
1088	2940	3.0783552071474483
1088	2943	3.05
1088	2944	3.7177826181163223
1088	2947	2.555041942519737
1088	2948	2.897746210648232
1088	2997	2.9371176200495097
1088	3004	3.889228637600828
1088	3035	3.183415950011684
1088	3062	2.87303949118642
1088	3078	3.8227663055859114
1088	3100	3.659664495185001
1088	3111	3.6821098799812906
1088	3116	4.0
1088	3147	3.298361290481768
1088	3168	3.3186941937682
1088	3178	3.497021949186425
1088	3181	3.610595815653877
1088	3201	3.8428458328957382
1088	3217	3.4357651020029474
1088	3238	3.634010795719069
1088	3248	2.5340653926119154
1088	3257	2.9096287116020365
1088	3259	3.4064209022126573
1088	3260	3.1361910653463387
1088	3273	3.1103572119247285
1088	3275	2.798831308864905
1088	3296	3.261737943018728
1088	3350	3.6564506627771167
1088	3363	2.8119708545631585
1088	3365	3.368918742323688
1088	3507	2.2912176609015704
1088	3535	4.034782737982607
1088	3545	3.488414362070413
1088	3548	3.891928650558964
1088	3549	2.0253312024110133
1088	3551	3.443206929198874
1088	3555	3.151416249328973
1088	3594	1.715328188590704
1088	3598	3.127915918154129
1088	3618	5.0
1088	3649	2.8314211799845865
1088	3668	3.926371647432177
1088	3712	3.7158988345606354
1088	3723	3.0446639295073377
1088	3730	4.110886471368766
1088	3745	2.6803432148892243
1088	3785	3.3064947746825184
1088	3825	3.045787816449937
1088	3895	2.666477460883808
1088	3897	3.420436779952849
1088	3901	3.6138183239973705
1088	3908	2.9674009918075277
1088	3910	3.698058510491947
1088	3928	2.9108808638157
1088	3944	3.5663231600482783
1088	3950	3.475133688583682
1101	48	2.7247198063456723
1101	377	3.306858142103273
1101	466	2.839705612110184
1101	515	3.806536120568282
1101	569	3.575804597219495
1101	851	2.941428922339385
1101	908	3.4485716646167277
1101	999	2.843645875607546
1101	1023	2.8471105025873595
1101	1027	3.1528620242205707
1101	1035	3.6275595484215577
1101	1081	2.998546502520582
1101	1225	3.5907303494879126
1101	1288	3.76016369525783
1101	1499	3.3410986342590285
1101	1556	3.384140434749748
1101	1855	4.038125042646014
1101	1916	2.848810506200286
1101	2017	2.8066629990438687
1101	2145	3.5984487204855284
1101	2301	2.625899902608159
1101	2403	2.6092767957835497
1101	2404	2.128858238179945
1101	2928	3.35
1101	2950	2.571492353613076
1101	2959	2.5745704382957344
1101	3068	3.639856585235808
1101	3740	2.8017903846941583
1113	246	4.1880597465051
1113	290	4.25612461235326
1113	904	4.098711936740317
1113	913	4.193596425214543
1113	1147	4.351350949861612
1113	1178	4.080585917638784
1113	1260	3.988899659862607
1113	1419	3.9759929753855134
1113	2624	4.174029011338586
1113	2732	4.49580972181812
1113	2927	4.212250690190985
1113	2997	4.197487957847267
1113	3101	4.240474174013171
1113	3192	4.0
1113	3929	4.059468087598838
1120	111	3.950383300537536
1120	118	5.0
1120	237	3.8301421047473134
1120	256	3.3700134820575744
1120	275	3.291876204581292
1120	489	3.0
1120	494	3.720876219403401
1120	534	4.0
1120	552	3.637697373403277
1120	674	4.094210310791584
1120	1302	4.059931222787105
1120	1366	3.9353495954960303
1120	1408	3.779216143201212
1120	1464	3.4143549176951598
1120	1665	3.732864371294069
1120	1672	3.786200814038359
1120	1707	3.7815471408674335
1120	1726	5.0
1120	1760	4.068139881700745
1120	1835	3.856926786691768
1120	1884	4.0
1120	1895	3.7839765782322665
1120	2009	3.168927465838989
1120	2145	3.835477039245669
1120	2194	3.734609652778806
1120	2273	3.4676729683554357
1120	2338	3.414768526463749
1120	2398	3.706007216713279
1120	2432	4.0
1120	2600	4.097817955258877
1120	2628	3.6012106871860405
1120	2671	3.781627654058613
1120	2701	3.60097399890026
1120	2714	4.0
1120	2770	3.9203500067016335
1120	2789	4.0
1120	2890	3.353730723622694
1120	2915	4.130314444048796
1120	2985	3.341700791836559
1120	3000	3.7606910214869305
1120	3082	3.640766318979152
1120	3099	3.737879262907491
1120	3148	3.3075137787925653
1120	3156	4.737909182666183
1120	3243	3.610706047235829
1120	3287	3.62896434332806
1120	3317	4.310133602587179
1120	3429	4.095779330771201
1120	3534	3.674596512693193
1120	3591	3.6777748432297392
1120	3624	3.149478233931002
1120	3638	3.2753248264974526
1120	3686	3.4931406443073283
1120	3826	3.581948285010576
1120	3831	4.170086147581138
1120	3893	3.84393686100727
1121	101	3.907420262289543
1121	163	3.6403348630876016
1121	1060	4.307791183780221
1121	1249	3.7867813121077902
1121	1556	4.148965633740848
1121	1701	3.320831775411425
1121	1917	4.008428092654167
1121	2334	3.2684513325833184
1121	2384	4.154360826005209
1121	2803	3.9661626881655256
1121	3082	3.937047948051599
1121	3176	4.144635260995348
1121	3705	3.553136248013775
1121	3897	3.9702750186892817
1125	50	3.5892178334639837
1125	198	3.309431870488742
1125	539	3.409184577929283
1125	647	3.6425988206745705
1125	653	3.2352181059097203
1125	661	3.215782068034052
1125	741	3.601957557808128
1125	933	4.084954955662679
1125	1343	3.415085977401276
1125	1431	2.202791110762281
1125	1665	3.2053253664176014
1125	1888	3.3276660494696157
1125	2315	3.4246077876503294
1125	2375	2.9416291570948743
1125	2676	2.9061904939801493
1125	3180	2.9556633130661485
1125	3484	2.2414926373601647
1125	3538	4.326311221655504
1141	500	3.135732236498534
1141	1442	2.050291810186473
1141	2017	3.5574254670882355
1141	2106	2.8317757365936
1141	2797	3.04323945187603
1142	223	3.6052931660485705
1142	2336	3.8036238671305647
1142	3179	3.567380468014529
1164	7	3.6692159814351535
1164	17	3.696890168262076
1164	34	3.4416251059563128
1164	912	3.534972153631027
1164	1127	3.1104832168821157
1164	1295	3.660046833434538
1164	1367	3.4800981128165174
1164	1704	3.66538827684402
1164	2020	3.287800360510434
1164	2692	4.0673540953073015
1164	3006	3.516716502792891
1164	3072	3.9764382909803424
1164	3111	3.1674672213697894
1164	3181	3.55025752756014
1164	3481	3.374927372113631
1164	3526	3.438637272126414
1165	1193	4.1597432400072085
1165	1479	4.000428512538173
1165	2236	3.758417421168772
1165	2519	4.189951693562898
1165	2746	4.160142360422747
1165	2747	3.65063758754616
1165	2854	3.623220023722564
1165	3740	4.024824536811739
1202	147	3.048414601147634
1202	504	1.921385955523783
1202	1035	3.307009372218052
1202	1081	3.227038480659314
1202	1203	3.295869562757985
1202	2681	3.899852333791584
1202	3551	3.256588225530478
1243	377	3.808715095399847
1243	1678	3.741964175931977
1243	1729	3.4757353104940067
1243	2112	3.9727435644261706
1243	2797	3.6116696921735807
1246	2	3.6591422432768734
1246	282	4.054738817786217
1246	1918	3.340761318066756
1246	1965	3.3430917007749112
1246	2001	3.132492191989418
1246	3030	3.048676101757033
1252	1567	4.0
1252	2130	3.3688155178522594
1252	2432	4.0
1274	377	4.540766472130849
1274	669	4.023030910624358
1274	680	3.464457943060748
1274	808	3.0
1274	933	4.250786825652947
1274	1013	4.13375552311352
1274	1014	3.0
1274	1017	3.69443179327975
1274	1028	3.808454702560924
1274	1217	4.231715108735238
1274	1226	3.665559913196368
1274	1230	4.2941229831116114
1274	1446	4.198711716438752
1274	1678	3.977348976865653
1274	1859	4.2288543489676425
1274	1941	3.3661809269235667
1274	1951	4.38416476372652
1274	2085	3.416626758958008
1274	2285	4.591635048901141
1274	2493	4.696216356144728
1274	2670	4.280881538763054
1274	2853	4.428096953249623
1274	2948	3.993433396287731
1274	2993	4.0939567622069415
1274	3035	4.09966090849637
1274	3338	3.6555619254406233
1274	3350	3.980183923740072
1274	3379	4.372918880410214
1274	3451	4.082334138977469
1274	3475	3.67875404299975
1274	3508	3.691084256462588
1274	3546	4.153377935682193
1274	3645	4.0
1301	750	3.853288162276444
1301	2333	3.672822397395386
1306	10	4.234152246525996
1306	24	4.374028854050549
1306	31	4.45598805886627
1306	81	4.034453680807101
1306	339	4.288792586338855
1306	512	4.079664551963691
1306	555	4.312435896034347
1306	1352	4.050820512541926
1306	2160	4.122420288805938
1306	2541	4.312716678388726
1306	2716	4.365084786780815
1306	2966	3.9481838277131303
1306	3409	3.744668060908824
1306	3484	3.917577905963752
1306	3555	4.212039086742029
1306	3851	4.427160691293458
1306	3950	4.316013727954676
1329	2067	1.0
1352	318	3.5192352596681284
1352	745	3.216003118846351
1352	751	3.5786198196239667
1352	1056	3.606456580908535
1352	1132	3.2919560478985765
1352	1213	3.652762909067617
1352	1218	3.133171674285408
1352	1221	3.725823858385346
1352	1245	4.063432925990359
1352	1442	4.079247130808947
1352	1542	2.4936137879567037
1352	1670	2.3098904892781777
1352	1872	3.859459598618229
1352	2239	3.71101891272457
1352	2427	3.1337787400978065
1352	2731	3.7704145927555217
1352	2732	4.1574024137534495
1352	2964	2.6088629659910194
1352	2983	2.9191659650059534
1352	3007	2.776401473141925
1352	3176	3.0979703210442437
1352	3221	3.987115182030677
1352	3266	3.0000000000000004
1352	3470	4.0
1352	3532	3.5016791693803366
1352	3538	3.4090598288353693
1352	3746	3.552121684695014
1390	94	4.068282094920277
1390	1735	4.354058200355452
1399	480	3.481012978710537
1399	1625	3.5165855147435976
1399	3911	3.825054135874301
1415	899	4.025049334951462
1421	111	3.942861652886928
1421	246	3.8453565583754825
1421	750	3.9139599134085614
1421	899	3.6882051254893495
1421	1172	3.76469478662997
1421	1207	3.624000605012142
1421	1639	3.8656359837712415
1421	2243	4.102509036670478
1421	2303	3.740282809068292
1421	2917	4.128857878881064
1421	3893	3.5772997739398
1421	3897	3.990413263905193
1422	1500	3.068936364438186
1447	29	3.8517910998693594
1447	427	3.1300573016737743
1447	2116	2.5255091854274485
1447	3262	3.472078889936084
1451	19	3.785284976927284
1451	344	3.309672289390757
1451	1184	4.703453713203783
1451	1186	4.095281268415466
1451	1237	3.8913505304031832
1451	1253	3.41152135045936
1451	1917	3.786369851133718
1451	2908	3.976444543761949
1451	3863	4.044359931977515
1451	3910	4.345537066946334
1491	135	2.9067791681816524
1524	3327	3.9454923654495024
1546	3911	4.63506495665687
1551	909	3.647209458347737
1551	1204	4.079678265749574
1551	1394	4.5806916872962615
1551	1954	4.02048099325655
1551	2076	3.492714782092897
1551	3435	4.415133668249543
1551	3949	4.334379204767836
1556	261	3.566409724891729
1556	838	3.71413894244519
1556	2611	3.770307578178864
1579	163	3.5253461605833283
1579	1027	3.2369986859390045
1579	2046	3.677314711031799
1579	2273	3.1915878666969224
1579	2416	3.2521557183292997
1579	2798	3.337620190919744
1579	2799	3.531262731187826
1579	3489	3.191838480271483
1597	296	4.1090590490422345
1597	377	4.013107587124614
1597	851	4.23010861334983
1597	1225	4.264676068138139
1597	1729	4.220001094084189
1597	3039	4.248200606340655
1599	1034	4.0
1599	2086	4.0
1599	2617	3.935429515792488
1599	2692	4.101303128869224
1599	2858	4.1360775946083805
1605	299	3.0
1605	1594	3.0
1605	1629	3.0
1605	2806	3.454275694631778
1605	2844	3.583181510578081
1605	3051	3.0
1605	3429	4.0
1605	3748	3.454275694631778
1605	3863	4.0
1733	58	4.247685249841145
1733	125	4.734326934082714
1733	190	4.071199263491343
1733	316	4.051981935066587
1733	562	4.296172042820791
1733	702	4.689322550813936
1733	720	4.518636545043462
1733	1187	4.419310862194296
1733	1202	4.609676572710112
1733	1262	4.235042020160275
1733	1273	4.842167077322601
1733	1343	4.083848849345125
1733	1594	3.3449137795160806
1733	1682	4.466689383894112
1733	1752	3.8887821629032855
1733	1895	3.894852250814056
1733	1950	3.89138364662266
1733	1968	4.336568752719938
1733	2243	4.647874959621061
1733	2303	4.369594345704156
1733	2729	3.9761035705528176
1733	2867	3.6186662413674138
1733	2905	3.863104274621512
1733	2987	4.218268423665609
1733	3143	3.020891316208816
1733	3246	4.208443220809575
1733	3503	4.451736467031205
1733	3526	3.957449751632928
1739	50	3.454275694631778
1739	1203	3.454275694631778
1739	1233	3.454275694631778
1739	1952	3.454275694631778
1739	3468	3.454275694631778
1748	296	3.2542762342776186
1748	593	3.318485236888824
1748	1355	3.3344263368511107
1748	1485	3.346242719234974
1748	1912	3.133857474176673
1748	3168	3.225374442967245
1755	7	3.9519005450286566
1755	25	3.298624697879784
1755	26	3.81695104029282
1755	28	3.6897950734831393
1755	94	3.987463941351583
1755	222	3.6324128900102304
1755	235	3.726935920165925
1755	252	3.454287876015385
1755	260	3.692082311677363
1755	289	2.609496072023919
1755	318	3.961363858932661
1755	337	3.171794361589125
1755	339	3.8768793780977138
1755	469	4.135658128409882
1755	497	2.975642805487794
1755	531	2.93048361703796
1755	543	3.026535911249954
1755	594	3.9744937219228857
1755	596	3.659157351917889
1755	608	3.668357871677444
1755	736	3.0972783451807744
1755	802	3.979284498710797
1755	838	2.9938890145325443
1755	910	4.098107699677073
1755	911	3.6005043602977733
1755	924	4.143282293626434
1755	934	3.09476488097396
1755	1025	2.6672260495360947
1755	1059	3.4818330056868056
1755	1080	3.776000686118965
1755	1086	3.499046828991088
1755	1104	4.123782345152559
1755	1136	3.154457735998091
1755	1196	3.886217296728097
1755	1207	3.5091068019727336
1755	1219	3.6017029600189137
1755	1242	3.709194897787957
1755	1246	3.4110406789901613
1755	1271	3.364466448155996
1755	1291	3.5611067092215483
1755	1339	3.873460011937112
1755	1457	3.494116381646687
1755	1500	3.449509345542645
1755	1541	3.622350931593461
1755	1569	3.496024473511956
1755	1625	4.138472843657018
1755	1653	3.531441463482905
1755	1678	4.236197127629695
1755	1704	4.186205063787323
1755	1735	3.542198567029222
1755	1754	2.905848079976412
1755	1777	3.2434948562360386
1755	1821	3.696987290271866
1755	1895	3.351298069246221
1755	1907	3.130440468765759
1755	1909	3.6541239808635897
1755	1947	3.939367055070479
1755	1967	2.918672461840265
1755	1968	3.480545695131576
1755	1997	3.633386652404792
1755	2006	4.131515815567781
1755	2018	3.6879391411221394
1755	2028	3.6798076681703167
1755	2085	2.9537738528876303
1755	2096	3.468138566417032
1755	2125	3.1964301728268367
1755	2137	3.395201925533035
1755	2161	3.957487442164637
1755	2300	3.8830769695496383
1755	2336	3.5884760688909294
1755	2355	2.800202901228958
1755	2395	3.2638766787806843
1755	2469	2.9887712741016257
1755	2502	4.023069116805674
1755	2572	3.304575995907087
1755	2671	3.3057794318702265
1755	2762	3.4241233173809302
1755	2935	3.2117294001044088
1755	2978	2.9628465727196653
1755	2987	3.3751643770228714
1755	3081	3.3107938413757743
1755	3095	3.637018753051773
1755	3108	4.281866711725924
1755	3163	3.6949952535320345
1755	3174	3.287237741170031
1755	3317	3.3109335004179465
1755	3418	3.682755336547253
1755	3536	3.370944678082417
1755	3549	3.4434543271972538
1755	3751	3.6907747614321234
1755	3897	3.4366858455879705
1776	880	2.6696573589251957
1776	1032	2.3585542248764795
1776	1608	2.996934215933673
1776	1676	2.7497783917467644
1776	1947	2.7105895783412253
1776	3052	2.788886857674893
1776	3484	3.1572510761836767
1778	1101	4.106618768642127
1778	3798	4.178142276375648
1778	3882	4.300336344499978
1812	986	3.281891190635034
1812	1544	3.2160470277875115
1812	3702	3.4332645985464416
1812	3703	3.499279570310305
1851	500	2.7456092447049083
1851	555	2.618033924912699
1851	663	2.679068725021791
1851	810	2.122178203012542
1851	851	2.916515867564051
1851	1273	2.7316188696093806
1851	1295	2.7243035658218377
1851	1442	3.1172993820134387
1851	2374	2.3848033085068887
1851	2797	2.341288762225437
1851	3039	2.629135547196489
1851	3266	3.643838493827342
1897	43	3.937566382024621
1897	317	4.219934789222933
1897	851	3.860730657736407
1897	899	3.925202107612469
1897	931	4.108110324078581
1897	933	3.582137159655207
1897	968	3.867936968422436
1897	2054	3.907405961442472
1897	2083	3.927764232165328
1897	2145	3.799841624375712
1897	2188	4.064349947667181
1897	2355	3.645357517608472
1897	2369	3.7339964553265954
1897	2434	4.250261792582406
1897	2560	4.068573745402819
1897	2598	4.342315740875921
1897	2622	4.205467251377079
1897	2688	4.065206345119672
1897	2699	3.800767085651432
1897	2701	4.203473026458815
1897	2702	4.630362067969332
1897	2713	4.542783264356791
1897	2724	3.823705532173123
1897	2758	4.0
1897	2761	3.6434502327387137
1897	2770	4.092288779838556
1897	2881	3.761864348933864
1897	2976	3.562487976029231
1897	3097	3.991342774796462
1897	3175	3.841595197564198
1897	3516	3.714557639878305
1897	3536	3.770273363370897
1897	3548	4.126832643733842
1897	3606	4.390851086192637
1897	3740	3.798133170559083
1897	3783	3.9144833869366447
1897	3791	3.6709292195891545
1897	3823	4.893921921612976
1897	3855	3.173192071338798
1897	3949	3.907792737947088
1912	1069	2.183468261756553
1912	1320	2.457867679993852
1912	2081	2.255056274607232
1912	2312	2.174706275673771
1912	2360	3.0
1912	2952	1.7689111205817385
1912	3712	2.407262252474731
1941	66	3.5523462655328424
1941	204	3.374355447388664
1941	564	2.0484539196955067
1941	627	3.2521476541526804
1941	628	2.682498256393364
1941	1136	2.484430010428909
1941	1554	1.6906216589412983
1941	1626	3.535060869453505
1941	1890	3.0000000000000004
1941	2126	2.827736647320493
1941	2400	1.92106749941394
1941	2445	2.0384277600666665
1941	2545	2.0
1941	2651	1.9116063450661909
1941	2660	2.5216127278454263
1941	3835	3.116636357307638
1943	909	3.483361591566847
1943	1123	3.786391173343017
1943	2231	3.48271496730997
1943	3504	3.602132395926835
1943	3505	3.4470182135897884
1943	3869	3.290452877269949
1958	1754	2.796737935590259
1958	2355	2.972390595293748
1958	2501	3.4645323990282897
1969	1517	4.104334900017158
1980	1252	4.177644122457662
1980	1276	3.914398641819712
1980	1287	3.9366048239072113
1980	1363	3.4707934944156054
1980	2283	3.454275694631778
1980	3007	3.3748143345488395
1982	3949	4.098002855906894
2015	4	2.194937740312468
2015	54	4.168954056048492
2015	63	2.956135810762455
2015	102	2.3910465224137094
2015	141	3.010730298846061
2015	163	2.3212345029090966
2015	274	4.059681455878136
2015	505	3.1294800100059104
2015	514	2.0552309108393256
2015	909	3.241366363023213
2015	1078	3.8151418905637566
2015	1113	4.0
2015	1380	3.573246744277672
2015	1381	2.583839497646458
2015	1449	2.757227286283132
2015	1526	1.677268470755705
2015	1953	3.8011645020067473
2015	2100	3.4199801092016195
2015	2111	3.4507081186242003
2015	2150	2.4660492696113088
2015	2248	3.958880926807681
2015	2371	3.181377423742189
2015	2542	3.554932959576663
2015	2763	2.591962313788086
2015	2860	3.4603850390846724
2015	3120	3.360761834008409
2015	3258	2.193417143019136
2015	3275	3.0142671366088503
2015	3361	3.593018567187462
2015	3362	3.1913403116942964
2015	3481	3.206142539276113
2015	3511	3.410292342374927
2015	3535	3.778544317237951
2015	3688	3.343203074936438
2015	3773	2.1762962395751138
2018	1251	4.276494704974802
2018	3089	4.293485269448542
2060	562	3.0701166999694345
2060	1954	3.229276526065382
2060	3007	2.619651853780129
2063	436	4.041485416800091
2063	2036	2.0
2063	2615	3.283613755056306
2063	2769	3.2586952426662616
2063	2851	2.5922509407648104
2063	3398	2.8761686788688148
2063	3412	3.26311487180834
2063	3596	4.0
2063	3616	3.343118715439192
2063	3770	3.490630784085174
2063	3882	3.383688901448882
2063	3901	3.924868332735424
2063	3915	2.9451770955049805
2071	377	3.865300611749289
2071	2797	4.166326816810289
2092	518	4.0
2092	3791	4.0
2105	1906	2.0
2122	500	2.811289181834629
2122	1295	3.802003582362188
2122	3039	4.51261695119126
2122	3471	3.87886385367948
2176	104	3.852724333428753
2176	1252	4.443714101260946
2176	1289	4.65957284747567
2176	3363	4.220694471487408
2188	1310	3.338653657636044
2188	1916	3.1320557247203924
2188	2010	3.4150393766309093
2188	2387	2.7313795864423414
2190	17	3.8901392099437206
2190	25	3.637751560093045
2190	111	3.7876427961900423
2190	150	3.8324685981532927
2190	260	3.93602357374605
2190	457	3.73715640579421
2190	608	3.572629803052429
2190	778	3.9575124768840246
2190	783	4.042827771016259
2190	914	3.867822992462488
2190	923	4.070305984861071
2190	1196	3.890229262235688
2190	1197	4.0156372431959895
2190	1198	3.995751060794922
2190	1214	3.820089840198202
2190	1224	3.953825889289704
2190	1242	3.8936102017613967
2190	1266	3.7929249779187697
2190	1276	3.9594774427612536
2190	1394	4.036574177687364
2190	1694	3.982432571960475
2190	1704	3.9224455177967057
2190	1914	4.003009963913001
2190	1962	3.9310280084020057
2190	2064	4.036476401233131
2190	2194	4.009630292742636
2190	2501	4.080171010580022
2190	2797	3.866487186938643
2190	3253	3.837603681147018
2190	3317	4.191141930713339
2190	3503	3.90738700056337
2190	3911	3.949800810645248
2195	1297	3.4895160163146945
2195	1689	3.596887055249899
2195	1994	3.436960660039313
2247	199	3.5859712759643827
2247	593	4.091810016498336
2247	905	3.0
2247	916	3.889399695056325
2247	919	3.928140781375204
2247	954	3.723806530127698
2247	1014	3.454275694631778
2247	1252	4.289345304377092
2247	1254	4.050681448542432
2247	1276	3.747145370362042
2247	1304	3.527867890858698
2247	1944	4.199195220910806
2247	2393	3.614646430868588
2247	3095	3.825450498272117
2247	3103	3.5032970421682164
2247	3152	4.125943603519557
2247	3330	3.087481623302623
2247	3873	4.007338677178159
2362	3911	4.375924547503922
2376	2303	3.5187007875810496
2380	920	4.054969075642009
2380	1035	4.194958669825841
2395	1	4.006400080997618
2395	32	3.268804157098546
2395	300	3.8649166778291977
2395	597	3.3483639712218527
2395	1079	4.0125643797809705
2395	1090	4.029138763473757
2395	1097	3.626945584977439
2395	1124	3.431501070936462
2395	1231	3.73441515550198
2395	1270	3.768612291328776
2395	1288	3.966105600385592
2395	1302	3.896575794372272
2395	1307	3.7200502194733134
2395	1394	3.971448936955389
2395	1641	3.588379341042575
2395	1663	3.752436192053768
2395	1674	3.652011187275483
2395	1704	3.927782791293836
2395	1957	3.813142241615561
2395	1961	3.770426514706328
2395	1962	3.6799669172710936
2395	2000	3.488175608966152
2395	2076	3.841238030265306
2395	2100	3.4963720624340517
2395	2114	3.5401826507453404
2395	2115	3.765184715137815
2395	2150	3.461448789674494
2395	2194	3.967112728181117
2395	2248	3.9157368756407176
2395	2352	3.647345310890469
2395	2407	3.7546919049158576
2395	2797	3.854213418096181
2395	2872	4.139590632735204
2395	2915	3.4525670795169723
2395	2918	3.9401502963553696
2395	3039	3.639272805719733
2395	3210	3.690723891300996
2395	3308	4.216713077491733
2395	3360	4.355944588257184
2395	3361	3.878744197617281
2395	3949	3.61205572120442
2489	1414	3.556189244106955
2781	1353	3.92687710509493
2781	1419	4.008956048013836
2781	2348	3.870779769589547
2781	2739	3.680604633861973
2781	2863	3.797171397350052
2781	3250	3.677556207837198
2781	3304	3.454275694631778
2781	3363	4.102969895616803
2810	73	2.8432739204280497
2810	520	2.584835004941193
2810	2759	2.912184589900217
2814	6	4.150042204256891
2814	11	3.878313368460998
2814	17	3.42714748196662
2814	32	4.316601523450315
2814	150	3.7952711590066777
2814	296	3.486725242186782
2814	318	3.49778585652606
2814	349	3.738966238878816
2814	457	3.645155362879203
2814	527	3.7073543383187904
2814	539	3.508355912838325
2814	586	3.5701370230973004
2814	736	3.657419045136509
2814	786	4.287101766995123
2814	832	4.0611645201938185
2814	1027	3.849067687228359
2814	1049	4.177589636878845
2814	1059	3.9829064271927694
2814	1092	4.395392170484529
2814	1183	3.3678010582953744
2814	1213	3.875418473855849
2814	1249	3.818434643511537
2814	1393	3.619882549810872
2814	1446	2.0
2814	1457	3.448712171117401
2814	1517	3.585597108415401
2814	1569	3.1170133454732287
2814	1608	3.8417224859165793
2814	1727	2.786553454270412
2814	1747	3.5305256104081675
2814	1784	3.6982815645199074
2814	1833	4.378015996674352
2814	2012	3.1822947985809327
2814	2058	3.384682693836323
2814	2094	4.523437867039323
2814	2268	3.930014153426914
2814	2273	3.80490643065337
2814	2291	3.517244785516553
2814	2424	3.5142020251932573
2814	2497	3.383559901105615
2814	2617	3.2993842234020048
2814	3256	2.9156877835760926
2814	3528	4.1458820349586265
2814	3686	4.47284289562617
2841	110	3.510699964085503
2841	512	5.000000000000001
2841	978	3.4995667892819258
2841	1041	3.985499343662597
2841	1633	4.564949424682673
2841	2682	4.437227722557957
2841	2997	3.891611115591021
2847	1247	2.955488960226342
2859	1777	3.906295876306306
2860	166	3.7850916161135255
2860	1648	4.014670195002805
2860	2599	3.3362966759277395
2860	2692	3.671456112246537
2898	780	4.353432984295984
2898	3317	4.3767151261588975
2898	3578	4.446699532929408
2898	3617	4.374032552587902
2910	1255	3.2778220141126684
2969	10	3.2351358917481625
2969	296	3.910092862815171
2969	317	3.634973552963539
2969	500	3.138742369341047
2969	555	3.713907545621312
2969	1035	3.8247338518007696
2969	1097	3.892057424656162
2969	1722	3.5343416351706045
2969	2004	3.299048899979117
2969	2054	3.714583270544193
2969	2083	3.324448601540343
2969	2947	3.632593126155832
2969	2949	3.663111466883692
2969	2959	3.738730538538023
2969	2990	3.001825057039743
2969	3039	3.8232612867621256
2969	3635	3.289639799111238
2985	150	3.512843732595235
2985	594	3.185350860453415
2985	595	3.543767360959773
2985	596	3.70799495428895
2985	1022	3.346104827296439
2985	1225	3.338363682028356
2985	1387	2.7682159263004698
2985	1907	3.8047431425291234
2985	2028	3.674152844181224
2985	2137	3.1949012171618327
2985	2268	3.429779172671111
2985	2797	3.4034458537210197
2985	2804	3.554190265123349
2985	3034	3.543869404502728
2985	3526	3.516120538804108
3013	1	3.676856018676576
3013	2003	3.581104341205612
3013	2634	4.0
3013	2648	3.4809666110606505
3013	3660	3.596255622748941
3017	125	3.800784026789338
3041	2542	4.0
3054	17	3.366923291911171
3054	69	2.465841313038287
3054	70	3.106314222501354
3054	371	3.1656404905142788
3054	537	3.7212859972906513
3054	581	5.0
3054	902	3.6818871606350183
3054	1057	3.3545495460771337
3054	1147	4.237281701831193
3054	1211	4.228320668531619
3054	1217	4.049744807994891
3054	1237	3.9488495978020417
3054	1660	3.3287768639139355
3054	1732	3.6487942142013967
3054	1910	4.5365969430628486
3054	2083	4.479938080187188
3054	2171	3.334762944180976
3054	2302	3.44721776740186
3054	2434	2.4367642095555406
3054	2542	3.9104085023132615
3054	2696	4.0
3054	2841	3.473103247832127
3054	3052	3.07949176402976
3054	3253	3.561991895818428
3054	3683	3.768639252282623
3054	3742	4.1660523672691205
3080	3328	3.890453668415412
3158	344	3.781989864341672
3159	750	3.630299745815525
3159	1729	3.6815243749138737
3159	2805	3.740127136666387
3159	3244	3.357689910356076
3172	720	4.088108269363476
3172	750	4.284624185799937
3172	800	3.659339520451912
3172	912	5.0
3172	1193	3.870650283322919
3172	1208	3.242264239199188
3172	1252	3.1656247002350217
3172	2019	3.396857616826316
3172	2683	3.3891456791930485
3172	2692	3.987154920438513
3172	2706	3.892321051407501
3172	2707	4.5196470921386345
3172	2997	5.0
3224	1295	4.457747412823895
3259	293	5.0
3259	367	5.0
3259	1348	5.0
3259	1483	5.0
3259	3386	5.000000000000001
3259	3499	5.0
3259	3598	5.0
3259	3744	5.000000000000001
3259	3864	5.000000000000001
3259	3948	5.0
3259	3949	5.0
3285	994	2.3202054285201634
3285	1218	3.0
3285	1653	2.717698206761436
3285	2952	2.625742677282431
3285	3384	2.9750497605115025
3285	3740	3.2490941464627867
3312	3317	2.240909124611361
3312	3556	2.002149088156196
3312	3830	2.0011222200674355
3391	19	3.6972842025315593
3391	1968	4.062447888554441
3391	3107	3.767378220659402
3391	3448	4.237315791760795
3412	10	4.347106124742201
3412	43	4.4299942378831325
3412	45	4.126608113882809
3412	358	4.349110253413189
3412	377	4.323311585927341
3412	427	4.367898684918874
3412	597	4.4999401436959845
3412	678	4.0
3412	848	4.235895334994828
3412	1036	4.431323738039924
3412	1090	4.300734300229244
3412	1097	4.449293077990496
3412	1127	4.327495623041444
3412	1136	4.213461163140905
3412	1197	4.461481868413317
3412	1219	4.225526758038996
3412	1237	4.411629536733752
3412	1242	4.492754390945155
3412	1246	4.456478620945578
3412	1270	4.430776202770557
3412	1285	4.316903544411613
3412	1291	4.484304516526846
3412	1299	4.475221651428299
3412	1307	4.144971197660802
3412	1385	4.238244842298417
3412	1387	4.298370259748009
3412	1584	4.588178137782069
3412	1653	4.453146714717255
3412	1907	4.541025741186454
3412	1968	4.416564039968177
3412	1994	4.497149034000564
3412	2000	4.417183331090341
3412	2329	4.169022823639371
3412	2401	4.605576742975174
3412	2455	4.673764110510173
3412	2541	4.601592538834841
3412	2918	4.354870532246358
3412	2948	4.459507220654239
3412	2968	4.6874854174477525
3412	3098	4.538742291539168
3412	3210	4.485112231265459
3412	3468	4.188250352509867
3412	3471	4.442108950700627
3412	3508	4.2757485748493815
3412	3527	4.215067612470002
3412	3635	4.733463089521876
3412	3852	4.353535616456404
3412	3897	4.255814921670955
3412	3952	4.21065083964078
3423	11	4.565398050977138
3423	377	4.708999136726963
3423	380	4.616814639189849
3423	539	4.772671758704815
3423	543	4.609456112405505
3423	1290	4.467623180677784
3423	3261	4.845164815573908
3452	161	4.416575754658847
3452	356	4.551792671056695
3452	912	4.570858282720698
3452	969	4.422289708254816
3452	1094	4.447915751242937
3452	1183	4.367559748263249
3452	1200	4.377897088398939
3452	1208	4.521588186433899
3452	1210	4.391646318373486
3452	1222	4.683899279058586
3452	1250	4.487048073350162
3452	1298	4.10079087979017
3452	2427	4.35259072837373
3452	3448	4.339280804449289
3462	471	3.1800393950806733
3462	842	3.4832833106425984
3462	904	3.127401389005015
3462	1089	3.014126127399377
3462	1456	3.0
3462	2167	3.2920795474042808
3462	3683	3.073560216609604
3512	3911	4.349617842976984
3519	232	2.861201511986855
3519	3913	2.933843334621942
3520	247	2.794063420698253
3520	296	3.075543760794212
3520	377	3.4715234660504746
3520	500	3.2536256784883077
3520	663	3.288531312330392
3520	1035	3.235085120036851
3520	1089	3.4849987966766363
3520	1257	2.996678078963382
3520	1266	3.20088274729092
3520	1290	3.4080272543432693
3520	1346	2.4925310553324795
3520	1380	3.339268122563942
3520	2003	3.0323667659632827
3520	2145	3.2132169778195565
3520	2797	3.3670187174629094
3520	2928	3.1941389759506693
3520	2959	3.4068347117804416
3520	3039	3.5701487260346454
3550	1204	3.742961942767117
3562	300	3.225604181904254
3562	724	3.0106685267447544
3562	1957	2.583932138742442
3590	1248	4.710602787790023
3590	1729	4.579524932618169
3590	2787	4.784390706467042
3590	3039	4.91986900978925
3590	3250	4.549088011103122
3590	3408	4.28994463572396
3590	3578	4.6052851569838165
3590	3755	4.591178769659384
3590	3791	4.751280729001524
3592	3755	5.000000000000001
3691	1792	4.0
3691	3915	4.0
3693	2	3.056910809906107
3693	101	3.502795328196815
3693	728	3.351770293997645
3693	2248	3.4140790954666094
3693	2390	2.922223086145283
3693	3479	3.0727813231901107
3732	25	3.0
3732	232	3.454275694631778
3732	318	3.0
3732	497	3.0
3732	1136	3.0
3732	1196	3.0
3732	1210	3.0
3732	1291	3.0
3732	2194	3.0000000000000004
3732	2352	3.0000000000000004
3732	2442	3.0
3732	2926	3.454275694631778
3732	3396	3.0
3732	3507	3.0
3773	419	3.0
3773	432	3.169228247636145
3773	514	3.0
3773	587	3.0736893542331134
3773	1270	3.295337059879172
3773	1285	3.2167954514777866
3773	1784	3.2700086094331766
3773	1883	3.361365647672643
3773	1965	3.117514530730599
3773	2000	3.536197443606994
3773	2054	3.18952760105567
3773	2072	3.454275694631778
3773	2081	3.594493378728888
3773	2100	3.442132456690492
3773	2134	3.268503586074376
3773	2141	3.0236936618951127
3773	2144	3.098536789315133
3773	2145	3.249113438546502
3773	2248	3.151484357488571
3773	2371	3.180660413088922
3773	2375	3.0
3773	2378	3.0
3773	2518	3.0
3773	2736	3.0000000000000004
3773	2746	3.133673537502322
3773	3052	3.250521801185446
3773	3060	3.2319701644826
3773	3146	3.27508238238328
3773	3424	3.156254298498917
3773	3868	3.2964933190152355
3773	3869	3.3046967951614725
3842	317	3.106114722563821
3842	500	3.931030272807308
3842	539	3.7653236217912
3842	585	3.1989978919059863
3842	818	3.253796414720854
3842	830	3.6901210651716463
3842	1020	3.5452394015681747
3842	1194	3.713759449419681
3842	1367	4.094370239537721
3842	1391	3.282605342388315
3842	1405	3.958524988386048
3842	1848	3.969568883741633
3842	2002	3.530150242514913
3842	2081	3.6623997152545376
3842	2136	3.071672718703584
3842	2163	3.454275694631778
3842	2243	3.991752804592644
3842	2378	3.64306074748877
3842	2424	3.899315816605127
3842	2436	3.739996724116302
3842	2567	2.820078983053232
3842	2622	3.9458729752050816
3842	3052	3.899551182216937
3842	3157	4.139943587541101
3842	3253	3.5398644711652296
3842	3398	3.817407302874978
3842	3869	3.4048518728650103
3842	3928	3.4099148618290958
3953	1266	3.3579583816141967
3953	3039	3.252637918021398
4042	292	2.9206772734337414
4042	1250	3.207588455632937
4042	1267	3.0153239138197225
4042	1645	2.772056884480735
4042	2840	2.767251764967835
4042	3362	3.151428934068288
4042	3683	2.798426122954131
4058	500	3.0
4058	3007	3.454275694631778
4085	329	3.3343115665048906
4085	415	3.528934644437934
4085	1035	3.306121416849357
4085	1356	3.0457199100084624
4085	1380	3.237133735175568
4085	1499	3.52746374138088
4085	2052	3.713856475460039
4085	2393	3.314050564086121
4089	2106	3.168839806722354
4089	3471	3.2123434627549043
4126	628	3.3621113939384446
4126	2906	3.4196294683145125
4126	2997	3.2371386762814125
4126	3147	3.690741608696967
4186	158	2.432543065324611
4186	374	2.317894473853764
4186	905	2.7710937759756598
4186	913	3.2299774671741184
4186	1104	3.363704643546013
4186	1297	2.675438394658093
4186	1943	1.780575107982754
4186	2032	2.865192680135686
4186	2262	2.846146385207346
4186	2809	1.5931129600668008
4186	2868	1.9372609657867
4186	2948	3.100298615445127
4186	2966	2.920312642046127
4186	3318	2.2162863407391526
4186	3436	4.571360088813563
4258	3852	3.662560207631638
4277	88	3.4086856413000954
4277	429	3.545233751741032
4277	500	3.6602144140677817
4277	518	3.5814882866505884
4277	1128	3.870976832943995
4277	1346	3.9373987463797984
4277	1363	3.594869307163528
4277	1380	3.772691575180149
4277	1442	3.785412181258192
4277	1549	3.454275694631778
4277	2017	3.607451914837573
4277	2035	3.5003667284287925
4277	2042	3.6282373451268346
4277	2374	3.6173516026241703
4277	2928	4.0
4448	808	3.588146809824813
4448	2004	3.807105065224136
4448	2053	4.120782653279527
4477	1927	3.4179239642914654
4477	3360	3.983991147335444
4489	466	4.539987695172995
4489	500	4.648048049774684
4489	851	4.731803652828219
4489	1499	4.408662284045458
4489	2003	4.699123136221441
4489	2004	4.676320157315241
4489	2017	4.700013604037257
4489	2048	4.751283904423402
4489	2374	4.234966058506169
4517	1059	3.0
4517	3436	3.454275694631778
4579	492	4.184144858786049
4579	551	3.3265601760287007
4579	592	3.5083738585986186
4579	962	2.806674161353198
4579	1199	3.717834389247509
4579	1265	3.7478326176367034
4579	1377	3.2943173429496024
4579	2019	2.9790130995725024
4579	2351	4.44287421937641
4579	2511	3.524715561531048
4579	2579	3.3830848441845967
4579	2995	3.3750262229627634
4579	3627	3.7369646714931375
4579	3855	3.857033282496897
4600	3471	3.886348634096923
4647	4	3.454275694631778
4647	215	3.29115278867733
4647	351	4.625496902071286
4647	656	3.454275694631778
4647	953	4.122092411038387
4647	1136	4.079964391008925
4647	1344	4.224088283305841
4647	1428	3.454275694631778
4647	2269	4.308650709344444
4647	2463	4.244674943109961
4647	2630	3.454275694631778
4647	2715	3.454275694631778
4647	2844	4.0
4647	2885	4.720913317890648
4647	3292	3.454275694631778
4647	3518	4.682067601909332
4647	3635	4.218519324411671
4647	3871	4.607556747231025
4763	2544	3.0
4785	1225	4.327225941124152
4802	31	4.128173936219532
4802	232	4.508552453031366
4802	1171	4.2470794797090905
4802	2019	4.659239971848056
4802	3005	4.516092326649276
4802	3326	4.605269947014039
4802	3819	4.03173720652224
4802	3897	4.4583263403322855
4802	3948	4.362425218104907
4816	232	4.021576042754252
4816	290	5.0
4816	1446	3.454275694631778
4816	2692	3.0
4816	2769	3.0
4816	3317	3.969423606027393
4816	3753	3.5163146230316964
4816	3852	3.642750774229349
4816	3911	3.4424878722668244
4816	3915	3.0
4816	3916	3.944915389562909
4831	3088	4.089704390867802
4834	1193	3.907476503276071
4834	1678	3.826680088953968
4834	2283	3.454275694631778
4834	2797	3.8235723128791497
4834	3700	3.821099968938389
4834	3893	3.87493357907746
4842	260	4.598971888251089
4842	1196	4.594477714039812
4842	1210	4.398555584188503
4842	2579	4.519621112008277
4861	2356	5.0
4867	3729	4.202094152843432
4934	955	2.99169763705299
4934	1035	2.6581357602022155
4934	1297	2.337146302896899
4934	1513	2.3899897207591394
4934	1610	2.831650808526035
4934	1935	2.0926893379130744
4934	2003	2.619210423834073
4934	2145	2.28291164277977
4934	2248	2.71618601694448
4934	3719	2.0
4934	3943	3.228918518802578
4950	916	3.625545879146522
4950	933	4.224660639613706
4950	1193	3.32105028962116
4950	1225	3.678051879489853
4950	1283	3.948062016782184
4950	2863	3.465362886058615
4950	2926	3.029632333292317
4950	2947	3.3323929836175985
4958	73	3.493862570292414
4958	216	3.4458319891127647
4958	246	3.3022461925864666
4958	265	3.72404252856369
4958	608	3.118639528333431
4958	741	2.5345495924489136
4958	858	3.60282943512597
4958	898	2.942391597110232
4958	926	3.312236889368212
4958	948	2.9432740131145025
4958	1249	3.67014416022236
4958	1267	3.9077827676537553
4958	1277	3.553647472111286
4958	1649	3.1772695433140354
4958	1801	2.9447116669582174
4958	1873	3.512414179561027
4958	2014	2.9067649325407667
4958	2565	2.5236130937806127
4958	3424	3.9861997581577553
4958	3870	3.1200956344539383
5011	29	3.73039952994511
5011	173	3.4719301082308287
5011	198	3.412349480606138
5011	610	3.7463482945951263
5011	674	3.612101937183326
5011	2034	3.307396164296799
5011	2167	3.7653747952641368
5011	2722	3.717665854916302
5011	3246	3.442997553607416
5046	456	4.11821828596248
5046	500	3.87832468645686
5046	953	3.4593989385778765
5046	1035	4.059032184771598
5046	1649	3.454275694631778
5046	1929	3.6295931073886143
5046	1947	4.254038883566694
5046	2083	3.454275694631778
5046	2764	3.0
5046	2788	3.5217988736118384
5046	2959	3.676900565996356
5046	3330	3.0
5046	3365	4.29514947628674
5046	3467	3.876324486783272
5054	7	3.000075741795621
5054	14	3.545183471488813
5054	22	3.80737840983087
5054	43	3.556878515236216
5054	85	3.30856646046224
5054	105	3.768730188825508
5054	171	4.737411872088167
5054	199	3.909790368339137
5054	203	3.674240439961314
5054	208	4.035778795408898
5054	229	3.554534398471179
5054	230	3.6664445698745673
5054	236	3.957871046172334
5054	261	3.9893831630693977
5054	292	3.9720237070675295
5054	300	4.107806067448771
5054	316	3.673115597685413
5054	348	3.7774550198392327
5054	369	3.95
5054	371	3.205372789026852
5054	373	4.17206018711733
5054	376	3.913292653468264
5054	410	3.9422919221514094
5054	412	3.800063487048137
5054	434	3.730952920472797
5054	446	3.456304716205606
5054	506	4.306323142996938
5054	509	3.5863339572337827
5054	532	3.3142690955089145
5054	534	3.7820291293049455
5054	538	3.437946921606549
5054	597	3.80503733080623
5054	628	3.750673096879831
5054	661	4.577070561133107
5054	852	3.866248498975819
5054	1049	4.107868861413177
5054	1057	3.984541451523228
5054	1092	3.3672123594928447
5054	1187	4.068922927638353
5054	1191	3.617981573957041
5054	1245	3.536897856090483
5054	1320	3.8486629570993567
5054	1353	4.175613566653916
5054	1356	3.143229613443831
5054	1407	3.505573233850439
5054	1416	3.157986443885023
5054	1544	3.5182163216536484
5054	1614	3.635944313549276
5054	1620	3.8007318079843166
5054	1693	4.070681743466289
5054	1794	3.3592034539059954
5054	1821	3.421629673125292
5054	1876	3.627890158679497
5054	1907	4.0981274788443685
5054	2012	3.4286285575102777
5054	2024	4.149979424356369
5054	2029	4.360881314651611
5054	2071	3.7388833262854577
5054	2094	3.834142113130896
5054	2252	3.377060007682448
5054	2283	4.0
5054	2297	3.4649798268532126
5054	2340	3.8136304263395
5054	2356	4.445701897237694
5054	2699	4.013395273540816
5054	2721	3.5467235177074734
5054	2770	3.733838506338424
5054	3108	3.786691636098757
5054	3145	3.2956112897767853
5054	3148	4.054477557347573
5054	3246	3.8802546570675056
5054	3258	3.7075573091112974
5054	3274	3.8646031544526855
5054	3528	4.000776115230203
5054	3851	4.197990164342161
5054	3873	3.698896388773957
5063	236	3.961894955700553
5063	539	4.03669087080179
5063	590	4.269864056419386
5063	838	4.283967818452699
5063	902	4.274755994653837
5063	915	4.3565805629628604
5063	916	4.332705131703605
5063	932	4.42309328463259
5063	1088	4.273380313698618
5063	1247	4.0534270301474855
5063	1265	3.8103261503038186
5063	1277	4.468698055785615
5063	1569	3.861197103629327
5063	1721	4.308694838101227
5063	2100	4.203946304115955
5063	2724	4.114261751577599
5063	3109	4.553442778383632
5090	377	4.099622332233292
5090	500	3.7209396145388935
5090	851	3.935000055103824
5090	1380	3.535362625948354
5090	1729	4.087736343985008
5090	1921	3.9075174007733553
5090	2145	4.052973123659452
5090	3039	4.086801394353495
5090	3155	3.8461202172885214
5090	3266	4.398134211531064
5090	3646	3.824765472928636
5090	3747	3.943571974973764
5100	1374	3.1366257060976954
5100	2048	3.7397519717683534
5100	2686	3.1780235143267275
5100	3865	5.0
5250	1394	4.30304266661945
5302	39	3.965580515563459
5302	46	4.0
5302	86	4.028008494171877
5302	186	3.509847944678406
5302	222	3.75651241178406
5302	260	3.696292321322551
5302	355	4.0
5302	356	3.7785873692156313
5302	486	5.0
5302	502	3.454275694631778
5302	575	3.454275694631778
5302	585	3.495038103061164
5302	586	3.9054197459134223
5302	593	3.750112321374373
5302	688	5.0
5302	719	4.509514952221502
5302	881	3.454275694631778
5302	899	3.7383098172257783
5302	988	4.361406319889551
5302	1013	4.462471629825165
5302	1015	3.3911621704235784
5302	1033	2.42518749882814
5302	1043	4.6590939135219065
5302	1059	3.646409372514205
5302	1219	3.693045338070521
5302	1265	4.368125666947485
5302	1282	4.611573906632037
5302	1307	3.8746360354352607
5302	1363	3.73889779680562
5302	1416	4.387993092938111
5302	1457	3.66996555140663
5302	1460	3.454275694631778
5302	1485	3.85849397756415
5302	1517	3.765378446561897
5302	1566	4.8351537394356985
5302	1580	3.6604158972802594
5302	1592	3.454275694631778
5302	1610	4.019455210727345
5302	1614	4.37910736173427
5302	1682	4.427398447702172
5302	1721	3.794847123353332
5302	1722	3.765171565248547
5302	1729	4.194279783561864
5302	1777	3.8204541231345086
5302	1835	4.249088752261558
5302	1917	4.508180171895302
5302	2036	3.454275694631778
5302	2053	4.491425761025535
5302	2054	4.380397465639149
5302	2085	3.94146304923139
5302	2094	3.45135273123387
5302	2236	3.747231183841897
5302	2253	3.657536995340168
5302	2324	4.303294553955232
5302	2359	3.983415469607864
5302	2396	4.38201993943777
5302	2429	3.356366648672648
5302	2502	4.457110137534972
5302	2506	4.0
5302	2629	5.0
5302	2683	3.769174076784518
5302	2687	4.779078430091986
5302	2701	4.136952314608262
5302	2759	4.381454090264993
5302	2806	3.896242644835317
5302	2846	2.394825043878251
5302	2881	4.630368793156105
5302	2953	2.813993769687723
5302	2996	4.737946524597665
5302	3034	3.1491418970715066
5302	3051	4.293129608046296
5302	3098	4.285640524635753
5302	3114	3.6790701442556655
5302	3148	3.9986181158917895
5302	3189	2.69402913830189
5302	3225	4.329106381570562
5302	3246	3.8171776695805386
5302	3255	4.05005239746822
5302	3360	2.621058647608097
5302	3408	3.494616401739691
5302	3453	3.917174605521721
5302	3484	3.312863744019734
5302	3512	3.75378670547613
5302	3549	4.515378106798049
5302	3553	3.3489015111756344
5302	3752	3.7440148655654895
5302	3753	3.5607234610875653
5302	3786	3.509552005475491
5302	3825	3.706492092677264
5302	3897	4.126646921332887
5312	1028	4.444401335793279
5312	1161	3.454275694631778
5312	2167	4.469422743937162
5312	2240	4.052054891284517
5312	2681	4.599516890520196
5312	2694	3.849530384366166
5312	3300	3.793672215738813
5322	94	3.4158460422414363
5322	1233	3.469205197581307
5322	2019	3.104560269164295
5322	2924	3.0
5333	22	3.326794596196901
5333	125	3.31381792455849
5333	292	3.470663441512661
5333	380	3.4506618921955794
5333	471	3.575717967850965
5333	628	3.45572631240554
5333	836	3.27670726999171
5333	1173	3.887879965895813
5333	1284	3.1920856118202514
5333	1345	3.54441520566719
5333	1892	3.43611337453394
5333	2188	3.3792255815243464
5333	2908	3.424869838899902
5359	481	3.498165496584269
5359	1639	3.663209763213026
5359	2912	3.2923469127943004
5359	3052	3.74770220523003
5359	3275	3.796244864218001
5394	1625	3.021375712966752
5394	1835	3.0378293992759264
5394	1947	3.210614805567252
5394	2590	2.695652551503087
5394	3362	3.2962038898210864
5413	229	4.647014641262157
5413	3238	3.696719550586568
5424	232	3.648496851222325
5424	912	4.0
5424	1188	3.510735420296412
5453	2288	3.959660244298702
5520	637	3.454275694631778
5539	2677	4.18862345518211
5539	3384	3.3770870235853283
5557	1089	3.165433421617793
5557	2797	3.6001506038284417
5580	3590	4.0
5636	2321	3.726080233025084
5636	3114	3.030545433519322
5636	3395	1.5095454624371427
5636	3450	3.0343177600593028
5636	3893	3.350598119259051
5650	908	2.4693398588307374
5682	81	4.0256292478543685
5682	125	4.366078413161452
5682	194	3.883432029125104
5682	319	4.009177047538296
5682	527	3.880541221060575
5682	991	3.989915338165403
5682	1246	3.6615710248977447
5682	2231	3.742223512408848
5682	2371	3.1536860008860312
5682	2474	3.641361253417246
5682	2796	3.218157144800015
5682	2809	2.134508276274453
5682	3257	3.12271794257755
5682	3358	3.3349261922125453
5682	3421	2.770003387665063
5682	3552	3.5495803194225712
5682	3557	2.8098176528221206
5682	3597	3.8329069691550735
5682	3784	3.714529189887837
5682	3865	3.4218896005798958
5682	3897	3.1792648587175822
5689	1193	3.3143567199038246
5723	3624	2.767217187690405
5723	3740	3.1687427463251536
5787	39	3.5310749914491923
5787	45	3.786758987585836
5787	101	3.382119625586389
5787	223	3.819010279574152
5787	232	3.719964863118812
5787	235	3.466341999080592
5787	348	4.004257074865196
5787	357	3.508586007186133
5787	441	2.8299361951402613
5787	537	4.034201070316146
5787	562	3.600092731278512
5787	728	3.970226845308863
5787	909	3.636248593201444
5787	921	3.141719237660081
5787	947	4.169569102797851
5787	1079	3.850307649601199
5787	1080	4.13550783446955
5787	1162	3.8151077667364377
5787	1171	3.9782889080382775
5787	1211	3.48528923027966
5787	1226	3.676687210669358
5787	1234	3.683601379945676
5787	1235	4.069942142419364
5787	1238	3.9727894998867743
5787	1243	3.2690920391709803
5787	1244	3.617759701669092
5787	1265	3.9487400572495415
5787	1285	3.756630234140606
5787	1292	3.572940007165847
5787	1297	3.999991741279494
5787	1304	3.410723634615999
5787	1307	3.5770283463202777
5787	1394	3.861401938381647
5787	1449	4.009243257971647
5787	1500	3.598922698645591
5787	1747	3.697322514374183
5787	1885	3.625324588591514
5787	1958	3.789290805285237
5787	1968	3.788256381648483
5787	2243	3.7833023603534177
5787	2247	3.735858529785199
5787	2255	4.0
5787	2321	3.441781254240865
5787	2352	3.5979145408891604
5787	2395	3.576152811808016
5787	2542	3.2244170705496766
5787	2706	3.0061951836717395
5787	2791	3.750720197893158
5787	2915	3.813284474343196
5787	2918	4.172561322514118
5787	2936	3.723556554006688
5787	2973	3.730379738581188
5787	3028	3.9150691655512695
5787	3035	3.966395630654153
5787	3060	3.645800723238177
5787	3072	3.650049866482701
5787	3088	4.055620527501221
5787	3096	3.961787526714915
5787	3174	4.046212938042124
5787	3210	3.616081000432678
5787	3308	3.5665069417563315
5787	3317	3.836064860905493
5787	3358	3.2903571326587047
5787	3363	3.4828875899897818
5787	3396	3.998885283279875
5787	3481	3.495178697906395
5787	3504	4.050734598051444
5787	3521	3.798683479157356
5787	3685	3.9494238815173226
5787	3751	3.504153655219688
5787	3819	3.7855963811384847
5787	3852	3.5255879327775927
5787	3911	3.557918541434533
5787	3925	3.8862410850830136
5831	3428	3.258362710548908
5841	921	4.1715191259632
5841	1965	4.0
5841	3798	4.078499541728873
5872	415	3.605549645986596
5872	1089	3.527103693646068
5872	1257	3.287066703906317
5872	1676	3.3251420732205013
5872	2003	3.492395845371421
5872	2145	3.471543489249663
5872	2402	3.4490869245280456
5872	2403	3.46476513673957
5872	2404	3.39582948529619
5872	2797	3.593371095095748
5872	2959	3.4832594200659543
5872	3826	3.5095258763457653
5948	2804	4.801676802135702
5956	469	3.0
5996	168	3.721435108874912
5996	339	3.440600680104389
5996	3882	4.097538854477145
