user,itemKNN,BIAS,userKNN,SVD,BIASEDMF,BayesianRidge,Tweedie,Ridge,RandomForest,Bagging,AdaBoost,GradientBoosting,LinearSVR
20,0.7947011055853758,0.7497921059147437,0.8705631397774896,0.7538617660591127,0.7975274751426489,0.7732850980268159,0.7936909306371889,0.7740228016500987,0.7800256346977675,0.8350284051544921,0.8066735645301865,0.7994497573577029,0.7849115445577384
65,0.5503217028338612,0.503817728755004,0.5430416650645187,0.4857715975214087,0.4567330654322599,0.4793744103112615,0.5351698529154116,0.4791254790652067,0.5060520915912612,0.5509331680023934,0.5114397891214614,0.495509112467517,0.4910174952222683
131,0.7808414602989628,0.7536490759012475,0.732505765288713,0.726289796778842,0.6755577329702057,0.736142260268479,0.7504537651685403,0.735141625883332,0.725622138620862,0.8099948674318129,0.7305862484175466,0.7212549757500675,0.7188386793881741
146,0.996767919646838,1.0521392517544403,1.037493968875221,1.0008994393706332,0.9907272816665624,0.9800407649134604,0.9814588028303488,0.97804691363212,0.9991627901026576,0.985766092538991,0.9970502892465952,0.9922551649229592,0.9799517017341356
173,0.8060325477082202,0.81195353682563,0.9390684072512722,0.8039896598777612,0.8363751784818326,0.7960353581553334,0.7953540824862758,0.7956028085814341,0.8024365837468769,0.8127861278630997,0.797792857457293,0.8039169100900587,0.8090049488017175
183,1.3258539342224782,1.1126495204036306,1.0102858661023082,1.123580437996847,1.0412679619894791,1.19554018771078,1.2039677452247532,1.197960627880439,1.2405632222496976,1.0165492133261624,1.3202600442981316,1.2460182224252594,1.1604975790653522
188,1.0598011848824371,0.9949758990588364,1.2468316469668803,0.9949293388106278,0.9862881668358704,1.0097146095552132,1.0278077622660136,1.0094989168819244,1.010642390956448,1.008633089340523,1.0219168255259794,1.0015729867779894,1.0098346965658498
192,0.9085764369171608,0.9479268231223617,0.8982227394648026,1.038699717751311,0.9428580253357738,0.9645678056577356,0.9584627046345064,0.9676724836469424,0.9003489293262951,0.9761946871441058,0.8959922675939306,0.8813246241380616,0.9470482282581733
195,0.7345817505386203,0.6974203976348773,0.7333200104611274,0.7018800724502584,0.6827387801023237,0.6828715650512138,0.7177313891407695,0.6829944956534334,0.6728768278405058,0.6667317053866545,0.6650165856071586,0.6800059081131395,0.7005075267260564
235,1.3557487527632293,1.3803190361525872,1.3328631479152064,1.4525496536075149,1.4384581304409405,1.3852726159919473,1.3774907295485233,1.3881505718863736,1.3736261936397247,1.3154281658199578,1.3670507066515412,1.3385433128549844,1.4194942133447217
302,0.821330722409325,0.9215988047231782,0.9165314840978316,0.922120559051745,0.8806883650426569,0.8553319316837737,0.901551846191612,0.8546704891196277,0.8820408963901643,0.879847806855089,0.8904783972003183,0.8782441928779517,0.8427464562452693
310,0.8912069840302242,1.0038821847472212,1.0447915136346286,0.9304830245927131,0.9621289358002816,0.928263423292013,0.960755812659878,0.924990905298096,0.9818746306977308,0.9751987146261496,1.0309165021125293,0.9615853674824356,0.9067300580105172
314,0.9870276726642242,1.015967120231755,1.0718890890727089,0.977770198457106,0.968639823059292,0.9595621392298936,0.9646726503108326,0.9577591666938184,0.9516832112607486,0.9965373348161484,0.9342771042234224,0.9406148813986304,0.9609454840889804
319,0.7050321953690007,0.6238451758362319,0.678371582874682,0.6804944471950963,0.6377979903406327,0.6650965144903525,0.6579282159160063,0.6669739475675198,0.6677017353907805,0.8487563814471707,0.681003258459525,0.6959723177027085,0.67271941070797
332,1.2119618726565862,1.125983324475402,1.3442876827038162,1.1333704431328089,1.1893199524698357,1.1504609043826877,1.178080549973335,1.1505118234330198,1.143163520896725,1.130159782047568,1.1748400112668305,1.1490722872051704,1.1829668800800626
343,0.8666650953683149,0.8549677249173727,0.774576550550901,0.8353805441687524,0.8657559866137531,0.8365713673245704,0.874243488467876,0.8366872321822931,0.8129978422867239,0.8432953027282625,0.8179335273418737,0.8073019752157948,0.8530631148905611
349,0.8493258977796755,0.8755788784463338,0.9181200823620944,0.869860246951286,0.8780781401832399,0.8712239223879032,0.8831479130637256,0.8709577714064126,0.8599169471197214,0.8682651623419434,0.8708199207743251,0.8613365821514564,0.8601814720132465
355,0.997691938424212,1.0165971498695985,0.9829927195322198,1.0524882392262436,1.0853991143945,1.01582350466865,0.995988420619198,1.0179103201759014,1.0000080599678445,1.0398509269849632,0.9950110897124844,1.004549324001386,1.0363149776423513
411,0.8076792234259228,0.7764737986560751,0.8332023511875467,0.8017563083052286,0.7656973360208591,0.7749148064977849,0.7718034136802128,0.7756856962290922,0.7776806736894737,0.7958244803502349,0.7712325840579682,0.7750228319132256,0.7832502946436014
422,0.8908185128713816,0.883031282077411,0.9264903819528176,0.8571469565535546,0.829101562473391,0.825798253281955,0.8265354478096728,0.8250251989327256,0.8053065756571498,0.8455808112057102,0.7921920039409307,0.8021440072000797,0.8414755574922459
424,0.6472278323755922,0.7932610561799124,0.8015796542126851,0.7607747696939716,0.7322231926670982,0.6922994977531072,0.6876200518704112,0.6905377944790941,0.7133451197756044,0.7793796250819716,0.7051428875092538,0.7142149865775727,0.6920130483674718
496,0.6221630401316102,0.8405790699073801,0.7417312348838869,0.8311803154316248,0.7987540716493722,0.7698238142111699,0.8182593919794705,0.7689165134599723,0.7621864021100896,0.7827994651614362,0.7668898819408253,0.7644174185195192,0.7401593011565971
624,0.963998216620148,0.9471648895340852,0.8613981288331429,0.94779533433829,0.9706444499402752,0.9708545728442186,0.9723391046648632,0.9722049792794092,0.9850958367996638,0.9672322959764366,1.0080566421842718,0.993257081173296,0.9596395023835756
667,0.6638925318801778,0.652957023988163,0.6955846284828727,0.6247300548833598,0.5870098523512682,0.6244039109130434,0.6470017727069841,0.6233619212671214,0.6180154963931093,0.6432847800521924,0.6075401722573373,0.6087351376750102,0.6163850184097285
691,0.8694855378609124,0.8633522111541796,0.9485260112970187,0.8646871795039459,0.8675564165538869,0.87424597875434,0.8898044915154848,0.8748209698986023,0.8842397760930532,0.8997715285299647,0.9023465281351414,0.8848143971245223,0.8687017333305798
692,0.3622748929518918,0.3210053949302175,0.5968578375441254,0.3374459023644087,0.2945889360491745,0.2549237780572117,0.3225036510260757,0.2540134616778897,0.2925116705102404,0.268591381851122,0.2995795523751804,0.2852012633482779,0.2944645641034911
727,0.7894904914659344,0.8464852151481481,0.775533678533076,0.8245293580115711,0.8011454505384589,0.8049409535357727,0.8136033777765224,0.8043947353903271,0.8105651469340164,0.8601157170632393,0.8240228190716424,0.8097928037610688,0.795276025070517
737,1.0922698852231572,1.0257019551878952,1.138676104879851,1.0270139053221543,1.0633242271417225,1.0244536009966128,1.032093184183431,1.024733801441461,1.037075079970483,1.0440204585321733,1.029908629918511,1.0422080646630238,1.0632759854569107
749,1.2758348115888891,1.0854702562331853,1.1509813330886485,1.1507348886752913,1.2195546190552804,1.1947277434722972,1.154059402772863,1.19905871268512,1.1189307878984167,1.1390440517807552,1.125221844128981,1.1348013347199444,1.21933502692035
752,0.7853298313326762,1.1397746300466602,1.1064747953645837,1.0947190427525828,1.1332622065824531,1.0003056383824158,1.0530779434841002,0.9976628866185906,1.0799551887879488,1.0897448513314,1.0990083891282774,1.0380655266437753,0.9844849303351164
753,0.6451599849630635,0.7099259249217624,0.8948387337384531,0.7235562041768252,0.6726397714626843,0.688266592745716,0.7193471891975283,0.6875280018499067,0.7108529329936487,0.7274571304394405,0.7171617839602801,0.7015556062852202,0.6722939166798853
791,0.6654328896954025,0.689164230451766,0.6786240693264923,0.6952720130065236,0.6756241319723889,0.6843427091390953,0.7016078455599067,0.684989212805638,0.6526571395820084,0.7280788704080765,0.6667816507257571,0.6549102769182634,0.6753442587018988
839,0.5819732047559779,0.4537988916700358,0.3419779981046247,0.5262601724832282,0.500601376261171,0.5486669105458603,0.5500105416741579,0.5525718976759038,0.4747923493607833,0.4825138762455191,0.4928696882376413,0.4835919404811039,0.5407714593364227
872,0.6731172566450064,0.6629533952051959,0.761690412516857,0.6823033937383389,0.6587966060365633,0.6725686193949413,0.675945931101293,0.6729287109585794,0.6908902063349992,0.7252560833516092,0.6915297889248955,0.683914937957246,0.6650041120787793
874,0.8848558997738085,0.8424001931383385,1.121104061213731,0.8504965022855031,0.9886457806210598,0.897728209826954,0.8893699266452394,0.8985601584662614,0.9219734506406546,0.8611619986120932,0.965940137312494,0.8815927448333296,0.9022804526233816
881,0.9427773051826824,0.9788321549178224,1.0546457765513373,0.9864962171728706,0.9407635365958932,0.9506076597388466,0.955318688725202,0.9501915097655516,0.9528375756970812,0.9889002578330288,0.9592597057149762,0.9447275781041096,0.9439583514997572
937,0.804637808398679,0.8115928034594931,0.801050718500767,0.8244882819268725,0.817451521820761,0.8104359169067523,0.7884428336540976,0.8111098311010004,0.8213348978126563,0.854403795325785,0.8100026813365526,0.8082327200385147,0.8127645113395461
1010,0.8784563417296294,0.8050380948008116,0.7648445735454659,0.8511008308681608,0.7999782490451507,0.8179743117198717,0.7998916465944638,0.8198551083992294,0.7920697935467212,0.7820521314588154,0.8001333880135114,0.7991792483660121,0.8254790284841312
1019,1.158643691854475,1.1582462508630424,1.132375836050201,1.2210357929414108,1.1312305242202965,1.1408067722766764,1.15874007450444,1.1428458450511634,1.1843042597436195,1.146445522732164,1.1926918186389068,1.1781564822951809,1.1440509245568593
1051,1.3867232253743011,1.4874648061969378,1.4118066462744028,1.4725731564718232,1.3752069489769512,1.3775182256927685,1.4026731625368247,1.3768415434974206,1.4271352291342965,1.4611308000230037,1.422772335671222,1.4141464844104206,1.3759113896001034
1058,1.1073052170042272,0.9469242233358665,1.0740840368815132,0.9527201326956684,1.027195810951214,0.9765481917451616,1.1028888402867338,0.9772581633643332,0.9275218188941118,0.9034402821211788,0.9215604953959462,0.9275263076522308,1.0490432763794235
1063,1.0958195227763603,1.0655006226554689,0.898910825735694,1.0685513716952528,1.128374976289429,1.1462859291568377,1.165402323732663,1.1480866169303023,1.1109869754943045,0.9784803233711816,1.1360162855175655,1.1214963346642572,1.1114377005744656
1088,0.6715737757686888,0.6798811752122684,0.7075860000716282,0.6679136322360154,0.6798315480777809,0.6584578807739653,0.6585941550939237,0.658070479419416,0.6597117084411908,0.6753643924715285,0.6580089233537554,0.6593381896102825,0.6649114617053042
1101,0.92370065724756,0.8837247497820719,0.8482476302229915,0.8945774393774073,0.9432113156881696,0.9145083532427764,0.919219516721534,0.9160332610922972,0.8886227528652043,0.909006161970947,0.8885270065561973,0.8890440753466596,0.9154983455243262
1113,0.5967000372956528,0.6265662914436283,0.6777345465545472,0.6135004460156481,0.5967553743719003,0.6269213202322749,0.6613488481351152,0.6266025494433095,0.6351521056888545,0.6368431015043504,0.6656163419834351,0.6231622608652986,0.5941686814199599
1120,0.6329155837806071,0.6458112175192586,0.6164108876272384,0.6589492617827476,0.7062426478615824,0.6463164146474446,0.6282905835413949,0.6472830222065676,0.6620322840017461,0.6498117323430691,0.663474293706574,0.6653653785593042,0.6659814702924471
1125,0.892995603874202,0.8754099162948649,0.9606960525187536,0.9312546410974248,0.8851007847788614,0.88958676053919,0.8824118209791225,0.8913637471266642,0.8930934420807461,0.9257836556145856,0.8872385898375718,0.9099192803326612,0.9006698799872349
1141,0.8877941843642414,0.8671793646073777,0.9233513997151586,0.8595421546112764,0.9761394778375624,0.8850758326393201,0.8875357281221947,0.8857078942685979,0.8669167453851674,0.8579914216151334,0.8818608945266999,0.8719573488035419,0.9049706703624252
1142,1.2040597130397055,1.1644438955606675,1.1820924052981938,1.169468913192812,1.1750108801313175,1.1512572738861904,1.2122832115775923,1.151438110251126,1.1246524854019582,1.1581579036961542,1.117706380254572,1.110215187242371,1.1864076400992385
1164,1.1774823657752291,1.232041922261497,1.2145105794603064,1.239581928305041,1.2052023351753551,1.2003851002491597,1.1892901022191296,1.2004365272179824,1.2119628618443188,1.1874760515230618,1.196301806878652,1.217346145065094,1.195410881352786
1165,0.9714288458161788,0.9560992061172624,0.9653487075110122,0.9529867530519588,0.927606479080274,0.95432978777144,0.9349351525830552,0.9542202258846216,0.9705600188869644,0.9820365529162772,0.9772694110067468,0.9827647565612154,0.9427660268885708
1202,1.0480582841970787,1.1006466498690362,1.168229892621279,1.0928497100287222,1.0692955836743627,1.034564213906588,1.0413538788572083,1.0335517730728685,1.0470145836705635,1.0668596297363482,1.0306407249659608,1.0390315474100873,1.0579509686227095
1203,0.545178126081199,0.4776426839049406,0.5535175019504045,0.4888675122179315,0.5556722382464073,0.5090118524333654,0.5057769618835474,0.5100876081359931,0.5129838312102516,0.5062954867170291,0.4900804597614766,0.5056904952952914,0.5384464279500661
1227,0.6427694142581982,0.708242223294277,0.9965706247270538,0.7095356539954834,0.6342129961395968,0.6190075944049669,0.630811538578699,0.6165227341064864,0.6568524747313245,0.6898234915532429,0.6762151909709962,0.6790855570825546,0.6253709553328044
1252,1.0530633537042455,1.035642733860013,1.2778560468365754,1.0335835198346393,1.0192071600321349,1.0131278692268697,1.0167350358146343,1.0120179333168524,1.0067915673833354,0.9552249162859816,0.9757224135133562,0.997808809031926,1.0291471441176498
1265,1.008998640431825,1.178607882838815,1.356858335247871,1.1697658887087532,1.1702956696269544,1.0787275397878635,1.0906894216590204,1.0770136053362294,1.1089468874870403,1.1303123930676182,1.0965751689983791,1.1001805320037317,1.0933668834506465
1266,0.9621867721433702,1.1066717299746935,0.9841333491968084,1.0574016703050662,0.97587160651293,0.964438775233266,1.053852570224336,0.9621210475348771,1.039889749096437,1.0151254137090873,1.0439555159958214,1.0537934496214945,0.9474334934406202
1274,0.7804499799416996,0.8140494782945807,0.8136723156704627,0.8047295174668205,0.802356727267858,0.7856585879868541,0.798381936620764,0.7856142471035991,0.7885070473067811,0.8045916780881147,0.801636246732994,0.784097373570062,0.7835901245528158
1291,0.6138103024889618,0.5756841057672144,0.6425782821164757,0.5811254316342491,0.6091885507559474,0.5887837221458614,0.5982635339420618,0.5891042635076792,0.6025617645981206,0.5926183012652552,0.5999553420439863,0.5998101825276305,0.6041365473885073
1306,0.6953527676979783,0.7227985249354506,0.6973411128555437,0.7186617313308611,0.7088949073843966,0.732376567681846,0.7324369256739335,0.7324942893222347,0.7333446604223167,0.7528863775638963,0.7533187918250305,0.7333459639231882,0.7021591589241246
1317,0.5868918977479185,0.5823227240740553,0.622947251896796,0.5814915340622714,0.5759697464228454,0.5628101442218362,0.5689881638907422,0.5626848261421017,0.5642554061290176,0.5636066225508463,0.5561695104234552,0.5563067121914284,0.5737952259093014
1352,0.9228817606116204,0.9275183438459216,1.0441216462148046,0.9297542263891576,0.8757179855799859,0.8844122562382428,0.8861997619469647,0.8838109889579379,0.8845889213721416,0.8819898336859004,0.8668243090140166,0.9296946633351328,0.8906611968687856
1354,0.953450794511719,0.952407140619192,0.9246258317263352,0.9339148975393238,0.9339874702629132,0.9161514122839668,0.8960488980871617,0.9158961258735686,0.919270290211936,0.9466519755441136,0.9132784699031896,0.9143985652720787,0.934652725056726
1369,1.0960115080939548,1.0007624285510128,1.050746341534931,1.006599887528488,1.0298230864387137,1.0542292092315384,1.0665238209511942,1.0550579511651323,1.0353338982093911,1.035400826480083,1.0581673502899844,1.0441090906857442,1.0462105409108091
1390,0.953132873481391,0.970798927119196,0.95281436990046,0.965547690548578,0.9307758827572112,0.9434730507609036,0.9394825701195464,0.9432517903099572,0.948294413387268,0.9435334449392104,0.9508222530460916,0.9483300000581296,0.938279994373066
1395,1.3310562072704752,1.3510260499981384,1.343136433256325,1.3516223431469727,1.373045235357388,1.3162130330458894,1.3291043931970363,1.3161583815710909,1.3433636537166311,1.405403839910886,1.3327702470639904,1.3320757758891837,1.3486780229277364
1415,0.6347200235165014,0.6237816845905866,0.5357898130105531,0.6097663000486377,0.5532058150054873,0.6318483716601299,0.6616389578284261,0.6319270615823689,0.611318199050891,0.637857526499191,0.6261486485757325,0.6068065032340869,0.594267887853706
1421,0.807287668856403,0.7940342267634759,0.7418858404875118,0.8004178348828955,0.8657258211736554,0.8293491866267905,0.8390294491954197,0.8308886635566008,0.8088152084998597,0.864396087109962,0.818005314641166,0.8243382068224868,0.8273739905556068
1425,0.8718428934383501,0.9562768933563336,0.9646171965536164,0.9373894978265358,0.9506781578502348,0.9165541183025062,0.9279044144052428,0.9155911855993354,0.9247951229355438,0.9618668628752084,0.9300438828756532,0.919062427058516,0.9051221575782236
1447,1.100248092787915,0.9931604646016586,1.1071774701594133,1.1608821565715852,1.0902130324908963,1.1043100949530846,1.0977276969640442,1.1105135993832569,1.09170831481975,1.0492079202112254,1.0824655728887227,1.1029238711180658,1.1242996526162798
1451,0.8586856429984596,0.9066619403983456,0.8898239251366116,0.9051623817014778,0.896001189531587,0.880440349961987,0.8730253623638432,0.8802020652740523,0.8747028468278852,0.943760489004639,0.8731719880894951,0.8729527929896861,0.8753682835297939
1491,0.5553467330654639,0.6736706396974868,0.6845764146689908,0.6322151028673503,0.5778588080294992,0.5832948196255574,0.6080732473455229,0.5810946328041704,0.6231706070427374,0.6909293425242056,0.6316685196816113,0.6224204623806764,0.5671511807957387
1505,0.8032297305604688,0.837843269553026,0.7706087997063081,0.8187701774151724,0.7986797182848577,0.8208534745882506,0.8399965497438051,0.8205180373159484,0.8108049736769236,0.809918323356798,0.8212159263176364,0.8053541201112092,0.8002634699203944
1530,0.704424600740123,0.6712617772395761,0.7069125320152055,0.6726778816556955,0.6584717623998291,0.6540925386374561,0.64634558799725,0.6540932931591547,0.655529310299395,0.6556976587609096,0.6398375968403073,0.6570068000137052,0.6727354355594212
1551,0.945612016592282,0.955538247219444,1.0256635897209656,0.9481152202503628,0.9261636974658376,0.9306681828767144,0.9299181044628908,0.9300811993578828,0.94219313677005,0.952655416979772,0.9381973197138036,0.9397616761026734,0.9319425320974232
1556,0.7742703788187411,0.6274282821591749,0.645095837447392,0.6339779860385977,0.7907728170690801,0.7383244562353125,0.7395677019239172,0.7409648975550684,0.7124128792559787,0.8054349039557891,0.7637001543249117,0.6989381720712655,0.7500936079944477
1560,1.2891178753042012,1.334044354411096,1.28126119710923,1.3267867422141144,1.267490584294094,1.2590977588739105,1.2568378042513215,1.2584623115576343,1.2897939890341872,1.2747216362363738,1.277337642169388,1.2798546175265193,1.2753893161041017
1579,0.4982209726691924,0.4713501190079621,0.507206706667602,0.5277174870923963,0.4864964779201449,0.4939150149241648,0.5278183655870342,0.4960748987732015,0.5041638100158718,0.5323717381405846,0.4996749319348089,0.5139245038688491,0.5021547253923033
1593,1.1489312472701312,1.0960852172608893,1.076563622057421,1.098989199086614,1.1913729507463984,1.1234409413389952,1.0928431399544134,1.1247768684992747,1.1127193823769308,1.0238481132871855,1.1202235234325109,1.1261933343689952,1.141077399003866
1597,0.9823688560195116,1.1068548169414674,0.956382334858113,1.1246776211688794,0.9416097487420632,1.0278464463208337,1.0472261715949838,1.027625748049721,1.0605938074256844,0.99677092285377,1.0418830866590647,1.016105657693409,0.9943893634879032
1624,1.4201946507366014,1.2759563410795165,1.3351067563422072,1.280183824909696,1.2879124964970114,1.3289584738596725,1.3346761038236707,1.3296805118270376,1.322729399899993,1.3743547940799816,1.3508420154210956,1.344155614463165,1.3239953366928148
1643,0.702778611370153,0.7079905495114519,0.7949191042681708,0.7058593952962691,0.6971471819154776,0.6974375351744776,0.7232223356800882,0.6974184566964182,0.7056690042060092,0.7171687107783061,0.7127710608887602,0.7019234992235655,0.6978162721870215
1701,0.7023414599058322,0.7017798979291383,0.6994834389232824,0.7024274210431003,0.6877027161109074,0.7041030305163838,0.7155850284534417,0.7043211351352021,0.7006695567873591,0.7336027735803817,0.7055982389285901,0.7006131737868192,0.6927193074093352
1710,1.0081848496442,0.8816524276276733,1.0306699715801528,0.869682906409042,0.7219917615424594,0.8969783635090242,0.9340801872255712,0.8956046065894401,0.881760111330225,1.0767941302285575,0.8704675588470588,0.8606089742242161,0.8491771466673507
1712,0.9083056367391152,0.9527668957602536,0.9768103604350232,0.9539219579003492,0.8913815667540067,0.8998413735036517,0.90386860010949,0.8995981229055139,0.9144452148820096,0.9354863099467898,0.9149984135608392,0.9073716502890108,0.9005630433352415
1717,1.278374444488798,1.3074323368700316,1.474886556799679,1.3036434679547506,1.280754757421285,1.259653400799204,1.27723690801596,1.2586747082320828,1.2725304021988464,1.2740613288044416,1.2605750317226758,1.26459168043881,1.2769853230957675
1733,0.6371908912292388,0.6383032147312065,0.6752759364617592,0.647655512963907,0.6413706522368209,0.6445485295475153,0.6522990926514819,0.6450975902691736,0.6388798520115316,0.6416663158465259,0.655760826373827,0.6350913599914108,0.6411982206794431
1748,0.620777647732727,0.6444755622680697,0.664085128564991,0.6386404718230391,0.6372536435793019,0.62276547785086,0.6293566293701757,0.6225001825443534,0.6237293596140473,0.6531088534137952,0.6261042050669524,0.6124471210199377,0.6228318641183841
1780,0.9218357919281092,0.95394019223654,1.0167122870956002,0.9351893563676268,0.8618759272133274,0.8976534160676656,0.8792362204266234,0.8959190541169342,0.9282928122128232,0.9408723657958769,0.9244475888754778,0.926245802871428,0.8986260377356478
1837,0.7594272568216969,0.7592393625020385,0.7805565119537485,0.7175729413314007,0.7048981872762368,0.7464535456062005,0.7826286787211163,0.7447400148260679,0.7644123856341443,0.7148851924658927,0.80699836330203,0.7772235081862906,0.7132664020648933
1851,0.5599174432295144,0.6014848094152467,0.6811462600861244,0.5966105028122289,0.6074085803682002,0.5846034868107792,0.5726609082451757,0.5841105664253549,0.5266891272485115,0.5657479344381362,0.5505463846826948,0.5347531414579431,0.5848546224104002
1865,0.9739624582003498,0.8768660561391732,0.909055173017786,0.8871478526392653,0.906049728595002,0.9012606350927967,0.8781816053687531,0.9022821986364244,0.9062068717794536,0.891620542204217,0.9011969105963432,0.9084591072264347,0.9161506991714554
1897,0.7344656421015912,0.7253276529357479,0.7023850265782164,0.7159141838589533,0.7169498143442616,0.7269889546832805,0.7394238298945509,0.7270833571310282,0.7230221441683813,0.7474959581394655,0.7321596049987819,0.7264242200413328,0.718241915002475
1912,0.8809887605362692,0.8163619366580753,0.857464125466454,0.8128767529002837,0.8362093859177795,0.8230179684151071,0.8334109735234323,0.8234639691432653,0.8298415674689248,0.8461506874403598,0.827732727879252,0.8389157427510421,0.8297816473225276
1943,0.5792337211197481,0.514334497688311,0.5166955032643368,0.4943821850951821,0.5660152092131939,0.5559426386702515,0.5605947941633148,0.5576145399229101,0.5336616874995931,0.5413107460958794,0.5488061622856919,0.5330364584650237,0.5575909652191522
1958,0.6038048399589804,0.5372654813215075,0.4928896908829764,0.5370231885014127,0.5888474090519461,0.5462730384490508,0.5059343145848998,0.5481138117059691,0.5278672217876189,0.5561088870638936,0.5300277884686903,0.5395807407929871,0.5715006228881964
1969,0.7894251487329701,0.8468353024511659,0.745480746683393,0.8515961205494184,0.9363511361489126,0.8656288610488666,0.8299888760582863,0.8669853400484862,0.9059512191970074,0.8556204183811467,0.9148263288237792,0.8723111903087337,0.8595919187610148
2023,0.9975695382408006,1.0824809270028053,0.9521687006681584,1.0024918152026077,1.03348322791907,1.0234611253619137,1.023086704454924,1.0208866352600998,1.043043794164195,1.0448353159689876,1.0754252464261154,1.074356727182469,0.9937974567072316
2041,0.7495908233125855,0.8714662449030637,0.8911150254453656,0.838077218956552,0.784816794831586,0.7658546274760146,0.8311769338098414,0.7639602328099001,0.8083195983266719,0.8143855347829805,0.8193452233007675,0.8425414808147615,0.7533377764723805
2050,0.5049420006329994,0.4184194200703269,0.4247130080193087,0.606534132673283,0.4748646686926056,0.5469727885188654,0.4420307577726475,0.5546237493184573,0.5371868629920855,0.4765295949714163,0.5202592192831776,0.5502684636470438,0.5184391312909464
2063,0.8818619298240552,0.879977276970291,0.9206496669572336,0.8930250682305882,0.8786579499379824,0.8712044395727679,0.8675753388833106,0.8718634196176688,0.8757305051736882,0.8730362119065295,0.8781998123649281,0.8739331778222155,0.8841540251510327
2106,1.0436112821267656,1.2298536305562493,1.3374892955778128,1.1296357637035968,1.1110155655625,1.095596013390231,1.115699808400693,1.0902543198779344,1.1474680276609068,1.2569788948068208,1.163021974698083,1.1546844194740111,1.0822331508833491
2168,1.0922039584338792,1.1521608265775958,1.0901855890540744,1.1201151152276745,1.1169633989251215,1.0958319725326986,1.1048122965844531,1.0949879129167128,1.0847060794701002,1.1247997337502744,1.0901796743854275,1.0927081611392635,1.0978322548907948
2172,0.9621062292783736,0.8401710025219202,0.8256793889926476,0.8400197369273821,0.8338551989887573,0.8409838239765813,0.8228724298948121,0.8416212397604598,0.8303923303467489,0.8379629785669684,0.8080293691128383,0.8323744466602235,0.8717948500044342
2176,0.6069716966152902,0.6475351904495024,0.6696515793970733,0.6261679867536255,0.6045061728184853,0.6020075205188746,0.6121042595207874,0.6015799201976909,0.6209427191784798,0.6021469197007244,0.6124783944611272,0.6172400763656155,0.6011787693740896
2188,0.8984335674364301,0.8157353130550568,0.8638568137952775,0.8168346217952067,0.8558614633860687,0.8349170063291854,0.8248892505031699,0.8354852491396805,0.8328342658571684,0.846793877535137,0.8320601237165112,0.8509373951946789,0.8515926671836818
2225,0.8518606288647769,0.9384471891301736,0.9528276244251834,0.9392646629674444,0.9449434637074168,0.905110648334074,0.9161943956310076,0.9048476918678132,0.9064583443921724,0.9213670049858876,0.905245992264756,0.9057348764649088,0.8998863449434918
2271,0.6289311007060667,0.6169560659361037,0.6560161042122642,0.6200607251066274,0.6053192620741907,0.6191610496383095,0.6130829583596913,0.6195202436258969,0.6095391302315795,0.6276867711523828,0.6152233122088772,0.6106415951925281,0.6134816767837056
2380,0.5767182786911537,0.6627145068055484,0.7450752421659199,0.6381190343953633,0.5737673954782316,0.6307091485107046,0.6521734522366305,0.6288159262628368,0.6476521160247317,0.6908755021759384,0.6785838892047625,0.6519601937111115,0.5803056798558733
2395,1.0810442260511903,0.7962764699410608,1.0141157728611423,0.8416703008566357,0.9425242406168032,0.9512230443661042,0.92568915874844,0.9545968591170912,0.9490061117766566,0.975543211415424,0.9764274381249466,0.9584043095305066,0.9714536908303985
2451,0.7152949660443555,0.7116460797852384,0.792143127661775,0.7261906680433022,0.7128978867940735,0.7201886875873647,0.75155759150892,0.7204999384371378,0.7343517177248347,0.7242458874578017,0.7500099330213092,0.7353355948263184,0.7119685435131098
2453,0.9891145017564996,0.997432862432453,1.0282281747484128,0.9975870497164592,0.9646078236137596,0.9661384368541852,0.954237752198036,0.9658895575323262,0.990880423702447,1.0208800981938468,0.9864933936948196,0.9812963272551156,0.9741373068659228
2489,0.6809560845751564,0.6928795645107336,0.7196736836357027,0.6878730890102913,0.6792896252757253,0.6942791833960138,0.6940409630415856,0.6939449835278029,0.7357942324930242,0.7469781827932699,0.7593092308444741,0.7399674023819448,0.684177398111852
2504,0.8191849457961748,0.6488019486242077,0.7144582301758557,0.6653905891561624,0.783295241667916,0.7207412546508964,0.7138749067542993,0.72350279491425,0.695323616571463,0.6954534252201736,0.713876377623541,0.7423953396252022,0.7712910217443727
2544,0.4833424824648775,0.484398340920594,0.647822609397486,0.4851898074134196,0.4642465394771475,0.4718925277505306,0.4831322027240282,0.4720497653869062,0.4692962438420239,0.4864188033015739,0.4784949710189637,0.4645946280473801,0.472528214160468
2781,0.5583381046067458,0.4917350037264381,0.6018717213126635,0.4891593779832916,0.4899887142351594,0.5138209575225705,0.5107404447772251,0.5143514795476448,0.5101928964677789,0.5299844820462526,0.5292420491661414,0.5011812864455023,0.5090622672970555
2802,0.8322320919444165,0.6701533369446477,1.0496682993376252,0.6799923844697728,0.8989773388071093,0.7632661116282482,0.7767952847055235,0.7643183335259564,0.7271269194007038,0.7424648937136891,0.7442044102339562,0.7567908136666914,0.8203197633084035
2810,0.8711488559324458,0.8635110130817968,0.8974248900877574,0.8603301262735127,0.8912164826607786,0.8656477293977746,0.8286016663695162,0.8657227206248689,0.8673971716847028,0.8967347202822981,0.880481574313846,0.8562689109311015,0.8783095218237594
2820,1.063988396125841,1.1474535053139967,1.1288457190332608,1.1212934613144914,1.0647772190122746,1.060453026515505,1.0612923316614435,1.0587176535564633,1.053474984172974,1.0427628235417523,1.031603666613291,1.044477968547546,1.0654558445537072
2832,0.9538745511006976,1.095129980795121,1.1835677973369925,1.0846944100984812,0.949810065347834,0.968631446976514,0.9868928162939528,0.9664499073726348,1.0444502414995516,1.0531454723721525,1.0652164145906944,1.042749899508457,0.9635863274238844
2841,0.4129702905347154,0.3389943531593193,0.5384818076673802,0.333712123428409,0.3876628457255917,0.3752436880077101,0.3973932114380371,0.3749999966036096,0.3845076253067804,0.4128433722133796,0.3973208631427294,0.3754378320176293,0.376665597956567
2859,0.614440545515432,0.6448908058764076,0.6130029858088853,0.6474995371740777,0.6555555646692486,0.6564717106261317,0.6480507545685312,0.6577796018941874,0.6492334419092,0.6775066822516923,0.6804033286337934,0.651489135141169,0.6341996454902296
2860,0.8798615363897889,0.8848128724624377,1.046935679480347,0.8812629184915161,0.8841303933862217,0.8523933665912183,0.8681857890584482,0.8519235911836522,0.8556167579100183,0.8891476164835596,0.8415652875351983,0.8446774370981233,0.8773894682762011
2878,0.7442742627854332,0.7120667403448249,0.7566206808876551,0.7273964963542091,0.6620000695132403,0.730262487390728,0.7506361458238259,0.7308868059521313,0.7167012033870367,0.7331629415213771,0.7278918144675024,0.7007839401164052,0.7083318652571831
2898,0.8217737855577653,0.8782004494343105,0.7589740877487969,0.8669455119124813,0.8589620903452304,0.8938211147527784,0.9059208376141846,0.8940174176121081,0.8825083102054284,0.8208966105014708,0.939951320267964,0.8901069743635135,0.844693960981491
2911,1.3665565909778536,1.2777011813382078,1.2963586328011758,1.2826984773734258,1.2769622018132991,1.2894043930552386,1.2320608907702402,1.2900314391003,1.2948423328191128,1.2000178744357133,1.3082048407471198,1.284738430626179,1.3070172786120946
2918,0.8764397468321086,0.977900178135025,0.9010521301476871,0.919136183011693,0.8654528994385081,0.8671804458644348,0.8833103201045794,0.8645382043933741,0.9056419939409992,0.8843424118515235,0.9000367582212889,0.8915508642047185,0.8594561523055138
2944,0.8352996008964397,0.8194139969594963,0.8159858089979006,0.818438177683917,0.8304325001326793,0.8357249889659707,0.8238082091574518,0.8372216115851254,0.8414848857229743,0.851677117460852,0.8643224233114005,0.8504137917914826,0.814140055114693
2969,0.7617241738646378,0.7687589356059014,0.8117650908599207,0.7724718736188744,0.7623245637178508,0.7495801637727801,0.7350771523521054,0.7494374262653722,0.7692412149460397,0.7930877648687867,0.7629645305294392,0.771554421428629,0.7579814424479895
3013,0.4000655784205232,0.5294596932103819,0.6668277594965419,0.5189792335106337,0.433691005823353,0.4601566443521332,0.505799421408517,0.4585271768231382,0.4397252725444289,0.5694107265211815,0.4557907549339877,0.4322135711410701,0.4370974245403892
3017,0.7278647117608281,0.7222796979943896,0.7182890751990341,0.7250279263964594,0.6820261805539005,0.7033911556420038,0.7197642712226802,0.7036901658031025,0.6735904181584106,0.6340355853927496,0.6823241087208507,0.6712236894733712,0.6970967218701756
3041,0.9226495651946632,1.0730119144196837,1.193548375043858,1.0578050137735946,1.0037539762300125,0.9678299639606136,0.9969374188802532,0.9657993382146932,1.0310868615109856,1.0215483979798017,1.055736418236053,1.0348883492600975,0.9636417596258098
3051,1.5960241767033247,1.5033358233064815,1.5203777829167335,1.5134836527890456,1.5660581967472418,1.5424431420013298,1.5110060202791251,1.5436300995366738,1.4955286080959995,1.535540391907154,1.4772303829179092,1.500628738449869,1.5622384563977183
3080,0.9791756679746488,0.9076316669944012,1.1905028250980807,0.9039514738194744,0.9460638445713968,0.904262079534712,0.9734632762336356,0.9034125364217498,0.9136899903267652,0.9218271223718087,0.9011686369639064,0.8978452024358939,0.9501583103601222
3089,1.9304944518974656,1.2895957868704249,1.6292109123118443,1.293105337977899,1.2842177607816527,1.457621157229083,1.469361761030136,1.45969503723476,1.3511553669584109,1.3801420051978843,1.3972202226430823,1.5600812367230787,1.4444178314635132
3125,0.9194369736729708,0.8195246870312529,0.959320503020202,0.8117959499304049,0.8678158038868308,0.8319776432152877,0.8149855482438151,0.8321247104281347,0.8458306044562316,0.8556701030927836,0.8295084666142474,0.8538380237161278,0.8570746670110382
3128,0.8139202427090038,1.0173803547693503,0.9904365965390366,1.038646213179119,0.9861250247698146,0.9542625692069038,0.974634120091136,0.95437415780959,0.9512585078789844,0.943754232616638,1.0080910815457076,0.9170119165633142,0.9270015792189328
3158,0.5854001738378645,0.6176910983934174,0.7540273782560416,0.6095779394908799,0.5975285666350065,0.5642948806233857,0.6110698277480257,0.5633454366741636,0.544656725456517,0.6271418820041229,0.5172763351060905,0.5468574218913984,0.5963453360126802
3159,0.61890483986309,0.6026345850013614,0.5895850039616886,0.6036752195467938,0.6433426137986915,0.6033245158933883,0.6220625006974826,0.603754276971995,0.6262444354360617,0.621955154429346,0.6267380225654995,0.6149032098960455,0.6256750025672395
3163,0.6748285117237355,0.706870041824074,0.7632257261282083,0.6967694453564736,0.7085521248381289,0.6772917750391004,0.7135348007102761,0.6767959331125013,0.6766748219619152,0.7172038926395071,0.678012935605164,0.6796413839937532,0.6907457633372218
3203,0.8545596877527544,0.8432169608869743,0.8910022523567966,0.8495238855226468,0.8528705987877099,0.8469096944457412,0.8488607575122981,0.8470336668035622,0.8801375954295256,0.962289821467276,0.8711814911662833,0.8816784722339709,0.8389726979278047
3219,0.7337075415122054,0.7743658722954972,0.7704484329155573,0.7811608568880463,0.6280629530673235,0.7244257618278079,0.745635038734136,0.7237626791760364,0.7730682082803357,0.8674631373214324,0.7825366045776259,0.760499877970337,0.6992131396033059
3224,0.5921571325621757,0.6107020398140374,0.583876167811316,0.6060599016294044,0.5997393943305215,0.5754038193632187,0.6067328101672792,0.5754922484345796,0.5025399189777301,0.5162674149971725,0.4959924423041098,0.5040723742325336,0.5961265412088558
3285,0.5105247605791154,0.613434792587006,0.7360156027287693,0.6100182900235785,0.6507273948771439,0.5420440103515447,0.5428952521731353,0.5411164396772634,0.5475801265982481,0.5972267364107315,0.530047537854193,0.5488052571496651,0.5637137833811783
3312,1.2098257402162853,1.2242412594100986,1.072242741857684,1.2339784185536804,1.2173500280952203,1.1894590108699443,1.193741148631057,1.1904939873555307,1.177519025993878,1.1191662234654498,1.1409132417881875,1.1919884908518243,1.196109689393176
3332,1.285779563354853,1.1957550177462786,1.233888400915577,1.199363091793203,1.2677669361987003,1.2237369083862144,1.210140228039396,1.2248891834138385,1.2028922765659675,1.2095771732061702,1.1976985134598737,1.2300184073508482,1.246012866481621
3363,1.125578677964202,1.2250827976444716,1.242969638162411,1.2187863416051905,1.1798072193378744,1.1815318321888066,1.2068822238823622,1.1806635144172573,1.197573516407164,1.1979641530521818,1.216915472191724,1.1846356764851564,1.169696341043127
3378,0.6233257805613434,0.7649466696815982,0.8619019059244372,0.7565157575383602,0.7710554161172168,0.7575721204918872,0.7621795953574831,0.756656698672247,0.770590945188465,0.8386182367406595,0.8237073854029293,0.7758520154642039,0.7049983648697125
3410,0.6616600142919807,0.7498494490913382,0.7325451765845186,0.7395117256326061,0.6348629135628363,0.6519002919032578,0.695127336192641,0.6504969349135387,0.664393813062652,0.6939523544453843,0.6379800948484254,0.6725462168688755,0.6436972869630854
3411,1.0667004341576063,1.2776805175623462,1.1266559084612875,1.2736500423425865,1.1596209107795226,1.175781087294243,1.2157011460152978,1.174825072799083,1.1668051976222933,1.075777024183191,1.1420465209589996,1.1855969220898022,1.1521772015190062
3441,1.6262502597286796,1.6544666046595862,1.5004986091046826,1.656186714882084,1.6108408767715057,1.5936297116723512,1.5688245459688228,1.5945516642929118,1.5565979937842138,1.6162871696533911,1.5324251595303895,1.5521418786407983,1.6235278457155562
3462,0.6552424564877543,0.4976026813527248,0.6393724055470889,0.5095691028434677,0.5535918062094123,0.5522569816093335,0.5512253363469433,0.5534003305249477,0.5334432469458911,0.506541332554132,0.5013656538935731,0.5321544676294483,0.5713053267858104
3471,0.7478448033921946,0.8185389045954562,0.7882769285144423,0.8053896709741427,0.7490543916131396,0.7591843376784768,0.794000763617852,0.7582699780126205,0.7936067336628895,0.8135320607444252,0.8130078822670193,0.7956929139594647,0.7531435001565631
3475,0.7731779589453273,0.8336229334471734,0.8240217275792131,0.8341471501120312,0.8123625804710588,0.8008998967765957,0.8334704221775759,0.8008156668156323,0.8204925042511955,0.855020463754108,0.818096788090772,0.8251327990200653,0.7923278295696845
3483,1.1800558407013668,1.1513460256056374,1.1416091921871927,1.1629914686719358,1.132980494110792,1.1603666487409134,1.1598971796995898,1.160878125513544,1.1401264171394043,1.1497965458847372,1.130065135872804,1.137835997613312,1.160479621696921
3503,0.4276317313557067,0.4944070549154262,0.456771059093445,0.4847829846605778,0.4638601048678928,0.4609977079004243,0.4391879878651393,0.460673099420068,0.49358379434679,0.5476384661519307,0.5063339617243618,0.4951534027603554,0.4385318908057981
3518,0.5929713702986582,0.6455821492277644,0.6481576696617554,0.6499724198931183,0.6147537526501383,0.612677234049668,0.6297904672477813,0.6124090936274493,0.6100631332782069,0.7248823023194618,0.5948351761373013,0.6147251584970114,0.6068023364192346
3519,1.1329605605155098,1.1157560445439212,1.1416921448236037,1.114770750046037,1.09671365977068,1.0947648423678635,1.0866018154909796,1.0947140822120058,1.111676764941355,1.0542789872349552,1.1085779634806316,1.0955553289085205,1.1084105034505891
3550,0.7658725352492078,0.5816606090278837,0.6352098226742287,0.581579948884197,0.597499797098434,0.6450071241715102,0.6428319113539418,0.6462520114787232,0.638787391297471,0.692817412284041,0.6569180558765927,0.6340120226563182,0.640934137137643
3620,1.0873683315292215,1.0406571377688678,1.2635372137286045,1.0435769745197792,0.98336849458862,1.054806394265,1.0805173167074926,1.053767725325564,1.0772915889235797,1.1376406606295375,1.079630627860117,1.0985207249105742,1.0424050484097502
3648,0.6047243736391766,0.7833224239085137,0.5699020884380623,0.7477479818760148,0.6813706044118265,0.661970432152684,0.6957574238723923,0.6605484621991162,0.7190468145687411,0.7747946161629997,0.7348944113337282,0.7214314189570066,0.6480512282174835
3652,1.1305872983324423,0.9214993995736483,1.0991891710371224,0.9244763605968358,0.9967755229385404,0.993699746685044,0.976344178644688,0.9947321443385064,0.979198765257262,1.068228016034534,0.965783515392128,0.9988887670808472,1.014331110826479
3688,0.4645379841267524,0.4942351102139795,0.2112330697243035,0.4861478901098805,0.4275856578003971,0.5098377405797944,0.4063096848776941,0.5110406435416016,0.5320099517438125,0.530168275279997,0.570740920614087,0.5522851496463803,0.4310703930308697
3695,0.8377899508776154,0.89622350983483,0.8146835269955037,0.8868071645517178,0.8257982126747438,0.8375485483102478,0.8616976606591727,0.8368313255225645,0.8309145651065319,0.8418276533401248,0.8210173625597987,0.8209495210059813,0.8396412463071642
3773,0.5044127399774843,0.3836295436465822,0.4901939158711927,0.3825583459871625,0.40861727591984,0.3956018517268018,0.371148060989235,0.3958378287744675,0.4009663480603857,0.5067301330904952,0.3965433365400865,0.4480182421252875,0.410148222440335
3792,1.1040376396034255,1.1971394586307904,1.1135680288425351,1.1801530769803217,1.139838971378588,1.1066519784493667,1.104405050907242,1.105732087743245,1.1129000656110208,1.1474679119041555,1.0860301536272017,1.078888206965498,1.1214146759050492
3832,0.5240356447850545,0.5519386321725236,0.4613316978984366,0.5482367118930473,0.5173289995756604,0.5631079882612562,0.5077927327374613,0.5640101161698275,0.5563520078163143,0.6271513588274206,0.5905256393335081,0.5619966467233892,0.5145161286240676
3963,0.8667374380793107,0.8751837787362432,0.7933612761401129,0.8595156330903452,0.8596009088060913,0.8830543558375413,0.8955573406054613,0.8833734452722559,0.8784318807509481,0.8951259428301809,0.8952111102884871,0.8763361404182454,0.8595137537350965
4005,0.7594443558084217,0.8120521338305255,0.8017642080074714,0.8152649898092943,0.7502157851228937,0.7784200751954079,0.7614271534004247,0.7780704592235173,0.7614835986231075,0.7673963481839151,0.7828844659413243,0.7666130384174499,0.7603875019929905
4085,1.2326875467558942,1.2703694603369038,1.0506854765045377,1.2050769329537965,1.2250601731261277,1.185150797040072,1.2101745718856125,1.1836418808977447,1.1925675491641468,1.201329550061954,1.172998588202756,1.1982064226743157,1.219133979870735
4126,0.994935358367832,0.9468364197098346,0.9526897035686114,0.9386885332409624,0.9166044261337872,0.9314605832323574,0.934942003972987,0.931336946884195,0.912437914118578,0.9498565835623516,0.9085441993731606,0.9105037238666112,0.943465089914472
4169,0.7419140118106705,0.8231380380563643,0.7732392384159237,0.8083932997549771,0.8226090988989372,0.7771945438333899,0.7927798646117794,0.7770273303932137,0.7652177358690695,0.7697271234182658,0.7878738628284334,0.7400963526503019,0.7725592667557631
4258,0.7303013068834521,0.7208694293296045,0.7209432724512191,0.7253415659677169,0.7426293588524742,0.7372824934321491,0.7341817579900322,0.7382043462135852,0.7291020232833376,0.7201525201060857,0.7357651969419241,0.7362123358385398,0.7266928544548752
4277,0.6300661718714089,0.5319989428673871,0.714570275728474,0.5581951705437621,0.5865180341933115,0.5729780016614943,0.5935929470856511,0.5739705335554414,0.5778253435219948,0.6207977729844323,0.5847166890987272,0.5782396320707048,0.5951251096409756
4294,1.4530242623156515,1.489776704774315,1.5102119780351004,1.4705072769066283,1.5694942267779255,1.4849403062848132,1.432103257964474,1.4853100619642834,1.4535246130367565,1.482038015891508,1.460314636021305,1.432893676603584,1.5045422027925346
4310,1.1737661399478794,1.265275459962821,1.2038741171103238,1.262186670922021,1.2820780330772703,1.2381140678866218,1.2443939297335782,1.2380921878113609,1.2399719921629755,1.3453076879305703,1.2501033956772956,1.2415960313645282,1.2401713563998715
4387,1.2740156454870106,1.31974662196253,1.3592410676073263,1.308488903250015,1.2058455097828915,1.237933453761375,1.2665604045079375,1.2365684708864608,1.3237750007905964,1.4619398415400804,1.3911557139907238,1.327913246452836,1.229358865717379
4477,0.9051528795864008,0.8076872287191939,0.9049140166556254,0.80912134783774,0.8422209623243881,0.8387545388779861,0.8406529048851795,0.8393986200238777,0.8374622215912182,0.8381266888435182,0.8471590242083964,0.8561636706481647,0.8442354306210227
4520,0.4712385573664805,0.4546592360403398,0.5189803289598364,0.4500427933966616,0.4302432647370662,0.449755229518342,0.4607793055697038,0.4493906941083698,0.4497735985520643,0.4328927881644926,0.461276401584314,0.4479473392924484,0.4494046542673832
4543,0.6247049479566879,0.7258079685483115,0.6685427076510043,0.7048679795331801,0.6141883434132983,0.644026840134447,0.6713938448956248,0.6426516243040955,0.6628764066315076,0.6699817961777901,0.6577699525825617,0.6623912423039123,0.6308080450857779
4579,0.7572418425199974,0.7772931974578301,0.8199063623391207,0.7789454053132118,0.7771920496757833,0.771116284538884,0.7849446610344734,0.7711848624367809,0.7817198214500023,0.8242270845382957,0.7914015717152603,0.7800055418444659,0.7645413255093455
4600,0.5903465468180547,0.5613280796519575,0.5290202617851797,0.5322673445217886,0.5453540565654483,0.5338986495208047,0.4929545565105577,0.533411668081801,0.546627987704713,0.6362726466929145,0.5311797148760612,0.5739066285536042,0.533175249904123
4771,0.9355589037311356,0.9179092252243968,1.1941383713818974,0.919509273725062,0.929433528400528,0.8998099693198255,0.9215841886444568,0.8988072525264849,0.924892550634537,0.97209033177805,0.9258043444085712,0.8993434290248388,0.9223224598248864
4785,0.5225304231274662,0.5299745723259074,0.6212714405038228,0.5340632844066225,0.5391792634962427,0.5311860673334087,0.5369756285447445,0.53122176844894,0.5725948802051929,0.5780210208662747,0.582077466868305,0.5631580250454186,0.5293675980915448
4791,1.3365711580883677,1.153984907606694,0.9610793625394992,1.159431585419924,1.1244245240032178,1.1857266684285888,1.1656248922969727,1.1878683115651802,1.1455217706537266,1.2142065962061193,1.148373970468755,1.1429032799269685,1.199379137277674
4802,0.8657287487080632,0.750236002425173,0.769006761560415,0.7566045786702323,0.7329774975485193,0.7995369083082863,0.8091068898467567,0.8004846864643744,0.8103666601485402,0.7827417604931642,0.8142139746921817,0.7962023456451077,0.7833858143085493
4823,0.5461899493886062,0.6332220217609634,0.6278461442270432,0.6190670868857856,0.5914184347604714,0.5787930396237857,0.5989080422460599,0.5783446868369583,0.6051100216834284,0.6371260219905684,0.6292896259437452,0.5991556724700754,0.5641600031256153
4829,0.6156924252309455,0.6189478245301997,0.6988218864479889,0.6190817566760547,0.6010802518865921,0.5970574769753317,0.6023234359184827,0.5967126918554234,0.5996539068500574,0.5862914127405755,0.5933713950026943,0.6073814346804072,0.6037287769876591
4834,0.6852841532148175,0.6667836330914558,0.6815586043305286,0.665028078481461,0.6217033363669306,0.6632135932550748,0.6810877434214998,0.6631248442997628,0.6670015016395969,0.6525258578523297,0.6814310062400794,0.6627667410031285,0.6493807334283531
4842,1.533842308682131,1.1785062416973715,1.709729453070418,1.175772281013225,1.181223093227541,1.329493149538202,1.3856356787166275,1.3289019578984014,1.2833765304166072,1.2150399427438552,1.30937008160553,1.2790678853057496,1.2991644645647034
4934,1.0369382320187337,0.991688066183148,0.886445903282376,1.006928226727419,0.9579883258743954,0.963615500928082,0.9182486453371956,0.9650278405015364,1.023108261064806,0.9864937386698688,0.9966754201912452,1.000874667202793,0.9825513861569573
4950,0.9479377672232732,0.957413570184755,0.9001044950632082,0.957747262842583,0.9553006590130658,0.96451123977381,0.9807967781877084,0.9649584882947362,0.9630240585088208,0.9998080849368864,0.9701783298651548,0.9588781456713548,0.9492835492689354
5011,1.0312644150095478,0.953991710815148,0.8126321125990359,0.9481580257664972,0.8428083864673312,0.9446198351682192,0.9409913798564412,0.944831485085691,0.9514378846262358,0.8960971180582957,0.963580420315204,0.9634680637643112,0.9287544355116628
5054,0.8963854436653874,0.903801973995693,0.9137878088520804,0.9015291516097796,0.862824660619551,0.8818232432940268,0.8971340789686005,0.8815641297046116,0.8685695618300733,0.8977625704749597,0.8714378289264476,0.8651794465724344,0.8718364594894915
5063,1.2632010884083364,1.1867456524650142,1.5159240761651502,1.1928365403859202,1.2390946271208525,1.2113737393242645,1.2431966694454109,1.2107480896698666,1.1946020931395025,1.2837372846379094,1.1942527096266136,1.196717265518198,1.2312042504809777
5090,1.1348117411006169,1.010774751693682,1.1080758799725143,1.0111929180267256,1.0258598568248605,1.0130093212120117,1.0939585370652365,1.0131096144715983,0.9889918331758808,0.999271708437958,0.9758148220975555,0.9907315715798044,1.0577156299607788
5205,0.8367504582922871,0.9162120721811025,1.1072208118970206,0.903298093325398,0.9410495510382108,0.8960264544120572,0.9215630724009796,0.8946508931794823,0.8818666025560584,0.9313602372076272,0.901749253879196,0.907386936806506,0.8813105245894599
5222,0.9172960699725474,0.8173502876383067,0.8461359180169892,0.8213559081211158,0.7991540269506109,0.8386795273918611,0.8410228583952347,0.8391295225174861,0.8094053758204757,0.893226241975576,0.8238610268603053,0.8230338521794106,0.8316305757912221
5242,1.2832796509153923,1.2408379609869244,1.2060038696947792,1.2412443374255149,1.207503340519115,1.2209849058701985,1.2289331525204226,1.2213645285175097,1.2083004205719676,1.2221124329154778,1.1969845576351916,1.1930358283955875,1.2198464982976192
5312,0.3562262624866669,0.357162060675227,0.2706831418438616,0.3521592743837126,0.3200590907365173,0.3003718843889327,0.3702456051253455,0.3009017585702525,0.3912755820562412,0.4278394875295697,0.3853380385021244,0.3311518659547014,0.336067272531508
5333,0.6511114049704558,0.5974096939510374,0.5469710705219742,0.5929977216254274,0.5761239779393825,0.6108162778176832,0.6174907900446024,0.6117567255975207,0.616502642448128,0.5874510929104276,0.6340690539032774,0.6168028145970366,0.6006682028703308
5387,0.770703528172316,0.7116995368906985,0.7475237913232587,0.705276034345982,0.6859237071150622,0.7150321173659745,0.7212367978864686,0.715019079354317,0.6868654770579117,0.7749258995907417,0.7060413663047282,0.690304411073093,0.7253960464982444
5394,0.6098023690869163,0.6533171118167272,0.6171909793190736,0.6378408687534138,0.6342608982743104,0.6163210161119875,0.6215598016441498,0.616073610476732,0.6290346923109486,0.6316141032769773,0.6320409315283043,0.6249376649127151,0.6176861854397813
5397,0.9242722868822852,1.085626234731572,0.9526347900253916,1.0770145373606297,0.8869822774274463,0.970485791786566,1.0191372717754996,0.968796022276123,0.9819185215977992,1.0286619898335894,0.9886009955135532,0.9585215886742096,0.9322066690916584
5413,0.7121202749475718,0.656053681284524,0.8909593367494156,0.6540964299917832,0.7500891892059596,0.6915620909178964,0.6749007648517347,0.6916647382388605,0.7568808608972084,0.6684674725248684,0.7673456284220247,0.7296000439577517,0.7113446646419369
5458,0.903039014536872,0.928763759301122,0.9018632172962704,0.9188329581141608,0.9049801101872672,0.9226133534183446,0.9416318933056784,0.9225847893876656,0.9150802860625996,0.9276499947622274,0.93643994650859,0.9107258630610336,0.9028103322615314
5473,0.8884223896085636,0.8310987764410459,0.8233551114319542,0.8304364428365217,0.8497107493108542,0.867935945592896,0.8811140257236714,0.868694581593481,0.8651548631363963,0.8949284303269566,0.8882939881957203,0.8735522329049109,0.8603394342144314
5539,1.0748954347305086,0.950975391331184,1.0598757516846156,0.972996762495777,1.0061715123114796,1.0077535036579457,1.0096738471732558,1.009239211412274,0.9965518300182808,1.0626394198308535,1.0194029549469832,0.9972315795865002,1.0245312956328874
5621,1.1577402374361545,1.1064807418700358,1.1725099726013262,1.1037178106146626,1.0881818313545932,1.1128759039276808,1.0984298724351504,1.1129164149210218,1.0941029288977913,1.1056501883746224,1.1011855283118894,1.0887621324822645,1.112912143591542
5636,0.7874551918667326,0.7984086078816988,0.7805010159784013,0.7821256469338851,0.7221671912942776,0.7618075536292063,0.7869547789248728,0.7610203394044999,0.7670288915235494,0.8388040922883389,0.7664504352323226,0.757449342552564,0.7493597372636258
5825,0.4295404635875923,0.4194007591462143,0.416113133677452,0.4174623189154044,0.3247448218870827,0.3495121753575848,0.3547818213078696,0.3493588705326054,0.3860074545891023,0.4519798559680193,0.360221073387669,0.3742862271637634,0.3727222660492282
5874,0.9033374424048564,0.9746230596769336,1.032795819970086,0.9230986737027812,0.7260771626243011,0.817391358013263,0.867871203503623,0.813497097694986,0.8738603024590689,1.0475102302422064,0.8777214120480277,1.1204610255009508,0.8023179116510888
5948,0.4320452038124776,0.4878961668899106,0.6264953098842037,0.4834466651622559,0.5167588545282416,0.4888302562409914,0.4088378814238868,0.4886616026662619,0.5825164822596443,0.5700353827507576,0.6005557117551259,0.5748478219654081,0.4604925348735285
6002,0.7397268798990672,0.740606462455045,0.7795233235664275,0.7407736968977497,0.74710797960971,0.7527924484987495,0.738650509142632,0.7534754045236317,0.7414158532229153,0.749742891858955,0.7469983723900023,0.7540073561296764,0.7377985748713405
