user,SVD,BIASEDMF,NMF,StochasticItemKNN,BayesianRidge,Tweedie,Ridge,RandomForest,Bagging,AdaBoost,GradientBoosting,LinearSVR
44,0.9266948436246046,0.9339731267784246,0.9300149406527854,1.056485065870026,0.8986759486023745,0.8989276392045167,0.8988247731331496,0.8936676708277692,0.8760173629951167,0.8734546719887322,0.8933777496323252,0.9256686395646052
102,1.4340112583255906,1.433804109629082,1.6241828471612616,1.7717138517455966,1.4187431603584304,1.421292165331457,1.4188089253503415,1.381035244150353,1.3568596352101507,1.389933394072146,1.389584141009668,1.4365709937806797
127,0.3558730178141694,0.3156717005928772,0.3677883560776864,0.3329498293662705,0.4341946516494073,0.4962546436811693,0.4340270304100477,0.3959429776114214,0.3666237113402062,0.3908726005955446,0.3878645411366223,0.4537851810512858
134,1.091496576820042,0.9879044168125805,1.1152721912822527,1.2382728371248195,1.488246576981621,1.40213147358199,1.4888003635358629,1.492361584229129,1.4536082474226806,1.5061166471476075,1.483916771159109,1.5065749617307331
137,0.4800703892897301,0.4689032582724524,0.5049191317795328,0.5201590083756851,0.5869026926252882,0.5967950913574519,0.5869537757128873,0.5746146541013083,0.6030221720096033,0.5709922794801755,0.5706586337931725,0.589073052923763
149,0.3742741606454655,0.4619473150776252,0.4626627945303641,0.5178450360359493,0.6568694936054873,0.7125055527829084,0.6565145012702471,0.6392050905958016,0.6848306332842417,0.6661265684475539,0.6206125153988685,0.657809885901935
169,0.9733984561898388,0.9301771438688172,1.002209409510984,1.0580179999641106,0.8531469168849252,0.8418888855420779,0.8529231013510212,0.8613234210319924,0.81786941580756,0.8644901606244864,0.8456181657500998,0.8633291903561481
173,0.6809758595654054,0.6282564250068096,0.6688560836098361,0.7198601318628411,0.7335761529337267,0.7397787033916239,0.7336632874040061,0.7314370275823029,0.7520864015709375,0.7238947458818108,0.7272974457866993,0.7408507733981272
183,1.1922103463419282,1.1568991446627774,1.165720741281564,1.0029543976526858,1.033111339743194,1.0648313404661782,1.0324183201830952,1.0487647779018514,1.0536082474226804,1.0664047923946378,1.0400360429151314,0.9937986767236848
195,0.7335202433271762,0.7072657476095487,0.7114846290663615,0.8432957125087766,0.928091577372835,0.9555296532791407,0.9280086808765444,0.9199765234585872,0.8986846782794171,0.9108190424654607,0.909542561919383,0.9398505931193646
208,0.6318500241762263,0.5615537867654774,0.6750519771895798,0.7102197029441731,0.8115341174008961,0.8067307372201927,0.8112757262648964,0.8470054244689276,0.8432989690721652,0.7957994880453022,0.8317381240281435,0.8527530677934747
237,0.4800669083443565,0.5088981493028868,0.4997982764369024,0.6110378260628451,0.4426930995048739,0.4549640192502012,0.4427060723875534,0.4289391864203367,0.5979381443298968,0.4402854914119283,0.4118018997893128,0.4859447560420953
270,0.7278205743018463,0.787309840741872,0.7444169948751758,0.9643419236683396,0.7717770720603486,0.7398657699542812,0.7718823099584259,0.78580317718818,0.8181818181818182,0.7545945446216479,0.7820252261891718,0.7698254319911855
271,0.911075389497077,0.956034186437732,0.8834873719617692,1.4020973194276365,1.3306883447272573,1.3361466374171649,1.3308276292306436,1.3307393730677923,1.3086340206185565,1.297250854656673,1.329085860823018,1.3668575956311768
279,0.8237963046075272,0.9109570214404168,0.8156330771378436,1.1735888501325735,1.0917917584592831,1.0304647173742447,1.092332372036126,1.101249522027514,1.0512138343864317,1.112639972290421,1.0971445557630153,1.1138421591277052
293,0.8201526970869297,1.0529596909126,0.9067706265988106,0.8839720949149417,1.0926731523605635,1.063747978309939,1.09292720544862,1.0911573389582,1.160824742268041,1.0789457422321522,1.072651622421589,1.102763597384201
319,0.4385369369417021,0.4480030863910639,0.5166380746042348,0.6589073620091713,0.6485945330668644,0.6756470280478408,0.6485317989496592,0.6442302289781529,0.6662805513726398,0.6496836366437968,0.6363648415133001,0.6391274306346209
331,0.699910527970124,0.6786972053534115,0.7156850288918198,0.7514424155014803,0.8806335917501507,0.8918422539985372,0.8808185865748211,0.8605008517688908,0.8406747891283974,0.8623887641998063,0.860290103713851,0.8898004160979317
343,0.7070691085440293,0.6474089924990799,0.7569829569369367,0.6477857659974247,0.7491482898785775,0.839780480382501,0.7487122238244037,0.7247868836602767,0.7525773195876287,0.6710005462080797,0.7055615837665937,0.7651165136407557
355,0.5003305974426029,0.4856540506094459,0.5283935384870752,0.6411967407205642,0.5993339832077533,0.6342590114833815,0.5994439843898706,0.5801071923243875,0.6200294550810016,0.6286887619680027,0.5794777660202449,0.6008985839886586
482,0.6294032891233555,0.6428367670043825,0.6649993555872495,0.851006687875318,0.9602932319221932,0.9196920173855224,0.9603746553456192,0.9920264037040488,1.0136920103092784,0.9822156540893928,0.986954798436499,0.9791099897839326
487,0.3243972969132926,0.4605892396958834,0.4448905480930148,0.6587331982771832,0.8072687421059624,0.7760445598674244,0.808003959975772,0.7526536381541182,0.7193585337915234,0.8237101105720064,0.7915720484871888,0.82255881386646
549,1.1658859221667863,1.0557155458052907,1.0197098963097495,1.2517541468348743,1.1012247549251193,1.1660077973788594,1.100421926554815,1.0854706109531935,1.0670103092783505,1.0437115711143723,1.0529907907976446,1.077784182343663
593,0.9045025589377724,0.9434782557827454,0.818079140524652,1.04450505833301,0.9051830644311216,0.9555080402832212,0.9042870125392368,0.9324000521543284,0.990721649484536,0.8687543321437984,0.8992869320051694,0.8967428145240337
624,0.8619631635260591,0.8736561347294651,0.9778252839224308,0.8733040126847367,1.04813719231437,1.062136393215405,1.0483628414902786,1.0393421052822511,1.0975945017182127,1.054534216597975,1.0318210128334295,1.0477835316332544
633,0.608359019101359,0.5583534199119374,0.5422065552420314,0.6552798047541587,0.8392038795597033,0.8352516349118166,0.839208375067266,0.8185881898361734,0.7776141384388807,0.789429976422109,0.7983590643922387,0.8523832752335928
641,0.8754609436622219,0.8094208214992042,0.7539594204911416,0.6771933239428245,0.9009678787712428,0.946160744629276,0.900822949731734,0.8903710049740616,0.9033505154639176,0.93615883759651,0.8841013993944338,0.8820822870709799
678,0.3795174345938703,0.3515678363090735,0.3353968249636202,0.4129267585502371,0.3997489792536359,0.4005793780450156,0.3999376496299803,0.3610877171693071,0.3628865979381441,0.3225404229522776,0.3919415370922169,0.4154434050468398
752,0.7393901762329234,0.6746067244456494,0.7660793528691908,0.9294181473708965,0.736035919803159,0.7276799894273431,0.736731095846179,0.6790464361639723,0.7278350515463918,0.6886865142519627,0.71521409839174,0.7396536549160333
827,0.6070041003926543,0.6093989431074895,0.7030564162766929,0.6148729791311576,0.8477041827186571,0.845765635986752,0.848459393213763,0.7750661895262216,0.7301394784718012,0.7895270103974442,0.7924906976909969,0.87538727241458
839,0.6581831074800069,0.6868269348212683,0.7285078678152304,0.8275712107471374,0.9147498854816204,0.9433060008959298,0.9148050224271462,0.8963626552035597,0.8902365069739235,0.8795406172614749,0.8769152388556172,0.9413426746173325
840,0.595173366297893,0.5547725534785054,0.631825683784426,0.5005644792217067,0.6761121164442098,0.6683423538081911,0.6763725689686316,0.6830523800764672,0.7079037800687287,0.6804360032644121,0.6985325290026836,0.6776671682460109
846,0.4416697344872232,0.4511901479456721,0.4437527225742734,0.639939206416163,0.8220002080318929,0.8649128179925372,0.8219916250344131,0.8073821988159028,0.7855670103092783,0.8117895822100325,0.7997098511237806,0.8359215177102257
856,1.0263874763540517,1.126048450982061,0.9679258676776172,1.4785815279405436,1.1983206847576553,1.1142615427823503,1.198965328881506,1.221809445644064,1.2812960235640651,1.2240674306540065,1.2271689669767558,1.229323814337587
869,0.8242438146590386,0.8193190123144654,0.8442753997797802,0.8531575201103692,0.9559288494983568,0.9612275676633713,0.9559596675388904,0.9551904245885802,0.9631811487481592,0.9636835325442992,0.9489004917866802,0.9602755538733888
872,0.7518050937769053,0.7466286269864659,0.7442905486799211,0.7915914428627577,0.6836119444273314,0.6675897266979979,0.6837694226697546,0.6822453938302282,0.6669310071371928,0.6756926857948705,0.6910159943087935,0.7001542845985232
897,0.7311095337277355,0.7768348834669071,0.800109976753208,0.7265640610009845,0.937474949103974,0.9569127971773193,0.937561821282666,0.9097903678531476,0.8986254295532645,0.9244748908449546,0.9043284481935108,0.939067918388341
926,0.7179382126110734,0.6547616077364429,0.829647054008168,0.6276391834191122,0.698298491898646,0.7461804319157717,0.6979557625517497,0.7160150658803806,0.7303550973654064,0.6986468310177301,0.7167580692886075,0.6969852027068056
937,0.5872126405618727,0.592814482225141,0.5660599460074747,0.647862835759192,0.8499499979386322,0.8947120591138328,0.8498475236315878,0.8362540252459694,0.8647422680412372,0.8247720493947106,0.8186242996476314,0.8631046460106596
943,0.8815732429973371,0.8306280417548371,0.9248226083436426,0.9300564663112398,0.8481538226802174,0.9209923293546388,0.8477900918812038,0.9131091528749726,0.9876288659793816,0.9214038805703184,0.9116048953313562,0.8293390148677304
953,0.4475035013754409,0.4345310438091603,0.4790278740229123,0.297345955853746,0.5006848395230569,0.4771555477628149,0.5007019263785699,0.595156055810273,0.6485473289597002,0.7077806290917853,0.6497655403129441,0.4374153772230597
1015,0.4557003944264852,0.4295712757740588,0.4310569993552248,0.7801786964341458,0.8166409406977634,0.7752485853492488,0.8168752131665251,0.8582491530936618,0.9113402061855672,0.8970298074811387,0.8622664342772624,0.8453320794891999
1019,0.9731381523200056,1.0330150389300492,1.0539258298567986,1.2210334937406226,1.1567384074523823,1.1116350428109427,1.157275573625891,1.1062043305993603,1.0880253766851704,1.1280102865032569,1.1162649199994887,1.1678319009167042
1051,1.2915594815276557,1.2913732839836585,1.2896101787067678,1.5392545635933272,1.5710671578843034,1.5593331207577643,1.5709866601622164,1.6006179495299724,1.5872164948453604,1.5987439438352675,1.5932584008177948,1.5904661860342788
1088,0.3823307036533079,0.3631765892427223,0.3683424111928393,0.3711137494793026,0.5584788198610693,0.5911738438015783,0.5584576142549907,0.5381571124619492,0.5645161290322582,0.542511546063619,0.5296583584215367,0.5601962917486496
1101,0.5916993940772803,0.6408939281988503,0.6465444028332068,0.7862231850721052,0.9526973691223456,0.9381744991078356,0.9525970051045696,0.9660911319028952,0.9648271679805944,0.9575264891955692,0.9565403460237328,0.964130402696374
1117,0.4995626883413561,0.4961716861748301,0.5304211882561083,0.6638167467203181,0.7925414071742141,0.810877014993983,0.7925726222045942,0.7780028688881704,0.774867651156311,0.7680067824597553,0.7686521045732702,0.8061024944390371
1125,0.9197375133252846,0.9059506311101356,0.8995400165992371,0.8828654521946893,0.9517566952035372,0.9372745963950512,0.952050655167358,0.9304879886695904,0.8824251350024546,0.9322581205046266,0.9406759347741396,0.9573913779538854
1141,0.7467512269153416,0.715798804455606,0.7924865178378744,0.8919340994805172,0.9984283054276782,1.0024282625098169,0.998701095512259,0.9610953413329436,0.9363250454821104,0.9577314981052794,0.974656281713238,1.0005357869565004
1164,0.6884709845392404,0.7030659930271278,0.7070813745516238,0.8096980750045225,0.7624390253959377,0.7585363793547514,0.7624441169171315,0.7623615975561256,0.7638973115019201,0.7554590173538873,0.7650007324173892,0.7684313885583515
1203,0.5462905969691944,0.5795746498176041,0.5813785357077558,0.6925553785837621,1.0332543869647035,1.07292244912235,1.0332431858383038,1.018273735765076,1.0154639175257731,1.010584621900088,1.0038585671555222,1.057462801651211
1219,0.689723689540413,0.7800296060197254,0.7060917335617309,1.1525760908003506,1.2454698274604752,1.262674146613327,1.2457173663620489,1.220501045054179,1.1507731958762886,1.2204284446478253,1.2069558367091204,1.2632532545054218
1243,0.4865247038968877,0.4926252509297237,0.5043970171841572,0.4586741659003202,0.6087581011985639,0.6456887861840166,0.6088574068958553,0.5776541773328321,0.6293568973981345,0.5702216962796068,0.5853551351462524,0.6104043971606009
1260,0.391949240995668,0.3989787845222536,0.4659885811031606,0.3259225540811538,0.4367953977503284,0.4657798707672843,0.4368535765986511,0.4213365075802565,0.4163618224143663,0.436959976989953,0.4097381678285344,0.4210545187119165
1265,0.7309169280494657,0.6693531412519166,0.6879584862683066,0.8888888888888888,0.8029184553801139,0.8376546393863136,0.8030094735824389,0.7942204389657732,0.7842843506245569,0.7786179670506674,0.7905929074296257,0.811031332167969
1274,0.6808929441702457,0.695205947477591,0.7022248984159285,0.6634232079837262,0.7684497633550285,0.7926643667816102,0.7684220050086662,0.7525205515524013,0.7736082474226804,0.7592200260700437,0.7393808038643364,0.7604586011579582
1279,0.8917778116664904,0.8822038924447282,0.9279766600047356,0.8128489678850634,1.0169058898780343,1.0068926674025451,1.0172794745417268,1.0075793502638826,1.0029455081001473,1.0243482333564455,1.0168005988090922,1.0321898437941643
1280,1.0563691105292632,1.065690871752603,1.121095877612316,1.561069189347794,1.3128120715371232,1.3053534621388885,1.3128557058033312,1.3230566650575697,1.3754747693977212,1.2947596334957392,1.3267499486645495,1.332995787471585
1306,0.4131553287430158,0.4335137377062553,0.377963911041051,0.5603924685040422,0.6418349408954689,0.679669327903154,0.6416987672467733,0.6050067360736113,0.6148559344435632,0.609019882291526,0.599243733274076,0.6292279626969094
1340,0.8821909522378185,0.8962821047909806,0.927771570367393,1.133017449559966,0.9159216354627896,0.9227633748154466,0.9163241125564006,0.936694211261598,0.9304123711340204,0.9958028481570926,0.9419164181483236,0.9659707584103852
1352,0.5175512986998296,0.440006287460314,0.5565330863229394,0.7972171973139109,0.7005530072608619,0.6830948602355116,0.700905018526602,0.7593507828950945,0.7847938144329896,0.7433836357426146,0.7512305631486891,0.7182503532955089
1354,1.096687031167756,1.0703562996955407,1.106706492805848,1.1752441204209312,1.0724330428197388,1.0356852044434226,1.073392368354973,1.0442749157266622,1.0425257731958764,1.1033329608036015,1.0774283927753725,1.0686362504945226
1369,0.6410481215267896,0.6490209629540631,0.62786436246768,0.7727370369207027,1.018504499836635,1.0286104818996675,1.0187346700067397,0.998488461928462,1.0090721649484535,0.987767444257348,0.992236813793342,1.0320999074911048
1395,0.5847444378139895,0.5546959781644994,0.5612593232121708,0.6081563105367936,0.7785178598129596,0.8004360473889061,0.7785141875063117,0.7679424336995626,0.8047301394784718,0.7954920363162232,0.7656819672144178,0.7786213986387752
1413,0.9468334051733353,0.9659312467322416,0.9576313649558876,0.9576217871366424,1.0490613029427338,1.0837845303331666,1.048652044742799,1.041465249308732,1.132302405498282,1.0393132056272902,1.0395850482356506,1.0252514585889625
1415,0.6739113205973921,0.6385106571824709,0.6859738475464433,0.7956419167424494,0.9372091606287768,0.9356341849185402,0.9373766147662508,0.9342744751847332,0.970217640320733,0.8789438289624236,0.9335464471933326,0.956617628142476
1421,0.5510195802599314,0.5442989607797569,0.6207069105649343,0.664095475329256,0.7485256045792932,0.7428706242561618,0.7489263576128975,0.7250584449395842,0.6941580756013744,0.758751760206783,0.7257481915012137,0.77787492900839
1425,0.7352093058097049,0.6947608803154403,0.7149839459455175,1.0112076622069246,0.959857262684543,0.9590308550071432,0.9600363678306408,0.980702047850886,0.9432989690721648,1.0174452418976705,0.9752374395319322,0.9442122247499678
1426,0.2663914109586898,0.2550219323278849,0.3409013631645159,0.4768045674831651,0.294995414398822,0.3426438216708838,0.2946984298930785,0.298537764573241,0.3109965635738831,0.2950313072901491,0.2925822396233093,0.2815780149653602
1447,0.726144573215452,0.6465263735416628,0.6992259348936712,0.9547095253726912,1.0015622472576078,0.9806055785464874,1.0011665327527504,1.0206959826089117,1.0777881911902532,1.0033370890621136,1.0117124155258723,1.0166319147626677
1516,0.9067826196517732,0.8995917963955665,0.908579334662755,1.0242926184012506,1.0997778339049773,1.0963406038500725,1.0998857439240293,1.1014062740861896,1.1439862542955328,1.1081176964775592,1.095795575990643,1.1102225230813902
1551,0.6738924051158257,0.6368059018514195,0.7094749171230404,0.703021435358715,0.7556597584454705,0.8072569611779664,0.7552508517313372,0.7609809702005371,0.8762886597938145,0.721113901211667,0.7435348632418338,0.7526941149577269
1556,0.9496636315724024,0.9424841043667462,0.939116764196587,1.0691292289424863,1.1823367676661187,1.177738745433221,1.1825657553113949,1.1754524308943044,1.190450352685838,1.195064557214069,1.190421084522766,1.1831736256266756
1579,0.6864084376038077,0.6867479685024791,0.6526324781143718,0.8282371833699304,0.8682407421862172,0.8535447327046752,0.8684904878889451,0.8568205360345726,0.8410652920962199,0.8634881873367065,0.8600085389452078,0.8811843038599672
1584,1.13034875642658,1.10222403908378,1.1681853617510207,1.1707658509866092,1.1333513621287887,1.1513356281023572,1.133349640247235,1.1245608577680208,1.0191458026509572,1.131856596971739,1.1281931570583763,1.1276277044859035
1597,0.6945744727394468,0.6135919470429342,0.6955056447345626,0.9109031833671112,1.150307743597592,1.162467204047876,1.1505473998858966,1.1168010683251215,1.0914532756900566,1.1285987110360711,1.1240496539205598,1.1559426643441224
1599,0.8729034711978538,0.966149333756853,1.046513998633417,0.74691271572156,0.7034737730895172,0.7549365299335512,0.7031827299375928,0.7001047523216446,0.7569955817378496,0.6901422912115149,0.6961510023822015,0.692285517913079
1605,0.5120727423930425,0.4650703648540939,0.5166327460641859,0.5051343246173325,0.556048249228934,0.5431200551007789,0.5562297871093105,0.5798353188096377,0.6481958762886599,0.5765314048175432,0.5854743522932853,0.5704633461762868
1611,0.5512658956598164,0.5592624627095997,0.5628668156743429,0.6620709133425203,0.7684503201643463,0.7818988656600646,0.7685507214035154,0.7716784119720287,0.7466087900162777,0.7747568085406675,0.766057853892851,0.7856953179463855
1643,0.3925273692933952,0.3435435187900693,0.331064527824097,0.4736536618689899,0.4897180227472002,0.4394661510287569,0.4894969519280671,0.6227981007116097,0.5807560137457044,0.6749107038407298,0.6471751488594564,0.4230572144375072
1647,0.7419752845096659,0.7690510511318865,0.7773420882000879,0.915366766206102,0.868846453401846,0.8744056403566773,0.8690628596586064,0.8801943615004856,0.9793814432989691,0.87434255007556,0.8869893739780311,0.8616865702512471
1651,1.3932939663132886,1.322391348677509,1.3883053415689997,1.2015661677934173,1.2121454817222292,1.2067351160235833,1.2116518938455607,1.2827631875654018,1.2776141384388808,1.20938016230245,1.26545263188314,1.256263856311358
1733,0.4786373276739021,0.4701091172916881,0.5567875667840323,0.5738025626440396,1.0288808736832638,0.9898206907066998,1.028938931569595,1.0422057880013968,1.0131607808729983,1.0368380094336735,1.031936952850507,1.0522901392614423
1748,0.5640992451134607,0.5421515123699765,0.5501206504295393,0.7040138717532146,0.7272066373985066,0.7197568211493155,0.7271681735264572,0.7456301110979935,0.7525773195876289,0.7494543559299487,0.7330841682520168,0.7538155713567336
1780,0.3410214067709809,0.412471045646201,0.4557341306117066,0.3436038185865673,0.6552517434441295,0.5715762833894299,0.6554061582794449,0.7188138367125502,0.676975945017182,0.7377074645148521,0.6974274204109215,0.6894888796840056
1798,0.5489449825755021,0.539107681016765,0.5864305098382114,0.7343673381302223,0.9286694500809288,0.9140128097891074,0.9289247656511666,0.9225158153808664,0.9308671922377196,0.9185726846370428,0.9243576721258135,0.9458925598579702
1834,0.9074452162671912,0.6711007380201669,1.0066624841456884,0.7138584958637921,0.8487090639531705,0.8825196321942418,0.8482635731122088,0.8461703087665555,0.7402061855670106,0.8939049774059689,0.8378951610009402,0.8048991818122158
1851,0.516626376069324,0.5150154672688668,0.5312583935747042,0.6236899640988643,0.8720357351268707,0.8059823003737,0.8721017360376567,0.8946312064950219,0.833101142379493,0.8792528324241147,0.8659671003878291,0.9006987697064407
1865,0.6745194688389854,0.6910131667924099,0.7069530628902917,0.7425321502219284,0.7932245914516134,0.8067696923449258,0.793189208859324,0.79842651326364,0.7959183673469388,0.7934295679443683,0.7889243160974592,0.7923405683969064
1897,0.5737468336964356,0.5691282317715097,0.6129949583819738,0.6319125402048017,0.7556251453917784,0.7663154794156074,0.7556879667061807,0.7412801706600325,0.7498995849511313,0.7296296161553079,0.7407695234167246,0.7628558085344124
1912,0.7197798317121947,0.7728582481028784,0.7643763464233851,1.030734386668594,0.9966960371768886,0.9538546854171568,0.9969989056834038,1.015104772974807,1.0532646048109966,1.0009106704297392,1.004127701510621,1.0081013685627278
1941,0.743711871174282,0.7630285012640912,0.7907457639294991,0.8401444676593848,0.8613660934908811,0.8239299235782245,0.861614461833469,0.8840487421000607,0.893298969072165,0.8786017508182307,0.8687825552536743,0.877009214950446
1954,0.9242798120283572,0.954111669948728,0.9318258302503776,0.8482250430980735,1.0294175968513002,1.0269075468737778,1.029707429466137,1.0337793627129213,1.08100147275405,1.0976616804974442,1.0394625848797798,1.0327988483344708
1958,0.5159205296472517,0.5253105770041392,0.5406444323485495,0.7692846555224461,0.8104964470158721,0.7813408127680003,0.8105829588867127,0.82704829446359,0.8081994725485494,0.8163524699160876,0.8309640763558523,0.8283420783314217
1980,0.5907393708845752,0.597768202128215,0.6021248873143273,0.6507644585673805,0.8491610434245777,0.8469556526550629,0.8493185351094511,0.8396815429331038,0.8566174421844525,0.8400949947486399,0.836352469516546,0.8619275175286445
2018,0.9035615169429944,0.8327218392946379,0.833971519849339,1.048040876387306,0.865401804852964,0.9271644240616485,0.8650321966978568,0.8189455377195899,0.8807069219440354,0.8037982188988229,0.814350868676822,0.8544149078633786
2022,0.679116322597335,0.6404338480349522,0.7221623892995624,0.6359812035306426,0.8979454808224823,0.93356868522993,0.8978900368199251,0.8747978022472027,0.9221076746849944,0.884454153309644,0.8691778608806126,0.8892904523442702
2023,0.7784138593316311,0.7566872367502802,0.789527097964196,0.8822021455441028,0.8900563383606598,0.8979005969263077,0.8901718138138786,0.8866086898689309,0.8850846495791168,0.8808514443997731,0.8862483615006702,0.905454092233882
2041,0.582753288732712,0.5815919381712654,0.6137553639786774,0.7129910200224581,0.8400333147498852,0.8427259183382261,0.8398660518930581,0.852521044534932,0.8400399068839375,0.8318947076443586,0.8486839580026293,0.8449038879737345
2050,0.9190035137696296,0.9610996447020088,1.0957324272836522,0.844664044624907,1.022657954507328,1.0176374759176552,1.0227228170240377,1.0527196152363854,1.009163802978236,1.016720578727576,1.049944478054475,1.039214014612943
2063,0.9131775401581482,0.9138389204188824,0.964350069192433,0.894463656422218,0.99041637822605,0.97235981199718,0.9901259695456384,1.021099709470149,1.0441826215022092,0.9641864919502724,0.9828338668024622,1.0028081149784218
2070,0.5386454232443004,0.5485980303686077,0.4935426484815882,0.5858401442695348,0.722094176625881,0.6720266716174839,0.7221156931846138,0.7645657149530618,0.80090206185567,0.8054908367431178,0.7757976818580994,0.6708107086805146
2092,0.5460876160972884,0.5297943419470146,0.5459816226765102,0.6547114361824887,0.8017690953209164,0.8058286545506733,0.8018307772803631,0.8036291955665689,0.824213587100185,0.795063682893957,0.8059815851348555,0.8046244936715815
2106,1.1147627820276511,1.0102621278401775,1.2498473419865133,1.4402807626434733,1.7707343400475777,1.6781194905412933,1.7707634906946816,1.775496860047263,1.7611683848797253,1.7159612839707006,1.7499332457034154,1.8026813590679864
2114,0.3242594292987463,0.3339234172060095,0.3960014510400012,0.4071230010446914,0.3803497609147175,0.4041826383265583,0.380427881032024,0.3593813008888503,0.3917525773195874,0.3775679762135301,0.3382910283545979,0.3713644681029434
2168,0.7359769689319307,0.7313142440055104,0.7171142492566384,0.7970265561263915,0.8658303774247025,0.8482051173034283,0.8660520238521763,0.872663678113009,0.8938144329896907,0.8916146628237469,0.8775882211240027,0.8529473184843165
2232,0.7590706395849908,0.7625791634231942,0.7706567897348363,0.7507757572026595,0.8878112589806126,0.9193365426186072,0.8878357776657492,0.878525594563989,0.8783505154639175,0.8530102147576651,0.8734997401675082,0.895801419981631
2247,1.0558083879094506,1.0628796452679874,1.0449401655488448,1.1641167877410978,1.1847383243219314,1.1680500544463093,1.1851071987024733,1.1643895828619268,1.0651546391752578,1.177208915893498,1.1662859621244266,1.1836532701284093
2272,0.5362066985390795,0.5182697995560578,0.5391609391863499,0.648855217302476,0.6892614319408359,0.726447636105155,0.689447230458633,0.6593913790739445,0.6999457406402604,0.6798546659063704,0.6604822149795136,0.6854682723393611
2332,0.7088092019291865,0.7314064876830706,0.740384801435616,0.8031588253929869,0.8474345007108623,0.8633031291100203,0.8477252841868609,0.819811404646061,0.8396729470316388,0.8323773397267897,0.8197125560530749,0.8755445708777085
2380,0.8139947007806317,0.7572649690517241,0.7937419619799633,1.2863982249093158,0.7298436825757145,0.815432725635373,0.729431733365242,0.6825009419053529,0.8217967599410899,0.6527865722084549,0.6922885521279313,0.7088616920987632
2395,0.7437138355385199,0.7138617347490624,0.7030885055682639,0.5985371583007351,0.7738390559102312,0.8202463880957265,0.7735414088923578,0.7543057688136988,0.7548682703321877,0.779883196879499,0.7302895765288941,0.7544361037680747
2504,0.8611970150612408,0.8274104021833399,0.8950333780072668,1.0153924398363494,1.3457365059395634,1.330110726990218,1.3459212604653787,1.355729679688347,1.3251904975347375,1.3456845432921367,1.3443088468134985,1.370316690199618
2529,0.6538852741396531,0.6117023806766979,0.6652918497832492,0.7447042011205147,0.8097711057398322,0.8380903596496361,0.8094661881022981,0.8403812031578389,0.8447660586835846,0.8049409208559027,0.8163873768492453,0.8275447753517806
2650,1.3740107904498362,1.3833196360020863,1.297852769292012,1.3427747675828137,1.3822048021904436,1.40450832863774,1.3823841174350031,1.3432430544671214,1.261168384879725,1.324265304209028,1.3429125708975664,1.3985965562612168
2760,0.6905168189587505,0.688736662104077,0.7789825241368056,0.7356697477561174,0.792571411110083,0.8136594074181436,0.7925008596675095,0.7547086297687211,0.756132243156772,0.7689645692468055,0.7607594144977545,0.7621862837952331
2764,0.5289089359640263,0.535548095503372,0.5663696398886348,0.6551116882275503,0.6574056934999744,0.5924685858528967,0.6573551659371237,0.6870288054914868,0.7072164948453608,0.7494548715981459,0.7121799190772491,0.5832736676991683
2784,0.735236470524022,0.7325140054820655,0.7700507619226619,0.8068744693080417,0.7545103022902626,0.7467527640666072,0.7544522714132392,0.7577910720206887,0.8193814432989689,0.7512923065406916,0.7569898950566436,0.7425815612857434
2802,0.9568437982869236,0.8095225845455873,1.0234481201805574,1.237564504425396,0.9084328921675696,0.9507856527166882,0.9074182208993704,0.9393106771075151,1.0471281296023565,0.930737874521508,0.939378653431896,0.8456142807429686
2810,1.007798912668173,0.9799319626598988,0.969549886429218,0.9054307697768268,1.0176264175259142,1.05980013914993,1.0173373089129505,1.021943997447782,1.061855670103093,1.045572714926283,0.9998278113724672,1.0426146804616525
2820,0.2586893596326039,0.340714922518824,0.406929316540948,0.4403092567656757,1.154235841458419,1.000842950579148,1.1543980683989938,1.138847975830323,0.9896907216494846,1.0982047462055473,1.0963665863566396,1.1981091761838
2824,0.8428734312539176,0.8248588170683391,0.8864116603256696,0.7008394723514693,0.9660681829208424,0.9962530955791362,0.9662030634910092,0.9371493897582984,0.939789427506032,0.9691246978088944,0.9332128938366188,0.9532374651458676
2840,0.9563258764048468,0.9730228371574569,1.0061031809014558,1.192648549762962,1.441137545846697,1.41662501663575,1.440923757569658,1.4760743088709445,1.4306106264869152,1.4572179267414516,1.4505413149737332,1.4561861519233923
2841,0.7253834237715966,0.747355315388132,0.7213004033128714,0.930696965308115,0.9187251169530968,0.961124648008594,0.9186116513515296,0.9087187378899532,0.9131521399562637,0.9001381458921051,0.8930572410478043,0.940652554869486
2849,0.3560036562767109,0.3654744577343231,0.3276468472471689,1.0487408833465168,0.4084687765953186,0.4071763956284825,0.4084346963110826,0.3986215987063525,0.3637702503681885,0.3918774933829541,0.3519724395324793,0.4180888542160123
2859,0.5728009398001588,0.5427905873903401,0.5147590647197731,0.6465793473438342,0.8332200918235079,0.8536445976998592,0.8334032355511944,0.8055922698384039,0.829324169530355,0.8072080621519243,0.8042280179992934,0.8267198743920398
2878,0.7491554640275931,0.6966041401732332,0.9563838425651262,0.6369111785181155,0.7812429005013782,0.8488433314671934,0.7807773002789069,0.7706205341296991,0.779381443298969,0.7496628524529488,0.7711911933509162,0.7624198669931909
2898,0.6338643807772731,0.6151368118247892,0.7110045231740153,0.6920729099884027,0.7126397874305247,0.7446528774598752,0.7128732538052559,0.6899535745897503,0.7216494845360824,0.6854621919456964,0.6800633074994382,0.7552290299910035
2918,0.7983546350166253,0.7760792592015929,0.8028273051346266,0.9454206311593716,1.0110645215413694,1.019308900753353,1.0110783798391554,1.0166119682512358,1.011914821700186,1.0165113705615705,1.0104194606839656,1.0219410960822983
2926,0.7707617210992401,0.762872475298635,0.7635215014656558,0.7950172750897673,0.9739340209101872,0.9538955298644956,0.9740972758286788,0.9817506079979048,0.9847201767304858,0.9827658620520142,0.9769332374160584,0.986851184415076
2986,0.3228965919895649,0.305706811883822,0.4272963954721214,0.427465457550048,0.5198715674558764,0.5090499043703457,0.5201844567333805,0.529694692630805,0.5229615745079662,0.5295448407760907,0.5287864885623954,0.544894370663206
2991,0.9088544629875468,0.950806116384407,1.0061610848672533,0.86080627960061,1.0602112413806757,1.0782048166359346,1.0604142675678627,1.0302592006753963,1.0245603395997571,1.063017852257734,1.0323232869201622,1.0408236294856257
3013,0.6650711373688817,0.6827559965701396,0.7175704175767719,0.8113299466899896,0.7410139493765397,0.7453065659901849,0.7406959384977854,0.7694535927956542,0.753340969835815,0.7504778690837232,0.7592366263104625,0.7468896006347179
3041,1.0030185255924724,1.00137583408181,1.0619210571873818,1.245646089481082,1.122126223792795,1.174768410541016,1.1220570022371452,1.1054339632925436,1.0652920962199313,1.090650867297614,1.1108761419673836,1.0860751552562988
3051,0.8216916808483615,0.8520256023561489,0.8590295306725549,1.0897983831783655,0.982318340477646,0.961068088230065,0.9823327482453472,0.9884460833613228,0.915316642120766,0.9681454361790316,0.9966472778290598,0.9919003609356284
3054,0.5766997501557978,0.5540111677154631,0.6209222300279632,0.6427454689838553,0.7862486976657612,0.7794797620895885,0.7863733008177523,0.78891986633151,0.7810794420861127,0.8045421593397432,0.7901543683979201,0.7942140273178371
3055,0.7982413327098754,0.7714883448321945,0.8456284713884228,0.6236165271176868,0.7172592926628669,0.8059859977499171,0.7167413535712452,0.7376670168038161,0.9154639175257732,0.7791793816311544,0.7052198527852204,0.6919074963499099
3057,0.8386422141811043,0.8456132203066641,0.8599722265477214,0.8328606769565835,0.9039990481855188,0.9017387954894868,0.9041822531637426,0.9180144134042956,0.895501405810684,0.92800238230222,0.9022155353476794,0.946386778045848
3067,0.5276148630202547,0.489836151866478,0.5337377915082743,0.6823933544700106,0.9133096759106558,0.9421944822307136,0.9133142875858052,0.9137983448042388,0.929931853922768,0.9140930762738264,0.9003322601854179,0.9287931336097888
3106,0.6648180130732303,0.5530240407938668,0.5842508543222782,0.6862358899884933,0.5420892266455848,0.4829129251846922,0.5413432741655048,0.644375807646562,0.7074742268041236,0.658402283104416,0.6352459505966388,0.459692355370847
3119,1.0334496245951563,0.892152236329211,1.0745736091559774,0.9271881552419798,1.0808860269460037,1.112770711508431,1.0804141494431891,1.082912626343672,1.1429079274795593,1.0730635643374162,1.07512350903558,1.081464794282959
3125,0.7479280397189768,0.7503310041356346,0.7720104126090436,0.8689761137228318,0.8776967275966947,0.8923926679504532,0.8777972033404075,0.8711982683587743,0.8598224513172966,0.8863173577296871,0.8684276702365245,0.8749839273791921
3171,0.5038849009768464,0.4766041301846997,0.4746511108059372,0.51064995899759,0.6398560802612108,0.6667302638744798,0.6397596632261274,0.6159482345943671,0.5493372606774669,0.6112164692358765,0.6027896110665714,0.633362506658022
3203,0.3228473789588212,0.3586560512040114,0.2687289081236711,0.4655536229151586,0.5680369431979219,0.6063390531281061,0.56831385813338,0.5041147341328309,0.5923149015932523,0.4985570985731685,0.5048864564358578,0.5907537919976856
3219,0.4697464375267248,0.3793436164542849,0.5239944347244057,0.4928559754385926,0.4840971052982036,0.5612198490248825,0.483549959777781,0.4709099686223091,0.4536082474226804,0.4921940014618958,0.4541271782243969,0.4620512638202464
3229,1.35337253352568,1.3943096731757845,1.3873444001415631,1.471578888585613,1.705215614644512,1.665914219172295,1.7059363330932862,1.67387602979954,1.6379624014554277,1.7004418571533784,1.680077013336834,1.736926820733893
3277,0.5469614183173005,0.589415876965534,0.5753181704558102,0.644863229569212,0.6705263889645261,0.6808167153288702,0.670691588449993,0.6669228657328835,0.684113137721385,0.6641395311357814,0.6597888214276236,0.684933994438367
3285,0.9324036951411072,0.9369570019992468,0.856968946466723,1.213477137407465,1.0571531861662935,1.091052835668701,1.056961975281131,1.032763483857071,0.993127147766323,1.059730779316509,1.0329091477897876,1.0591400251524097
3301,0.8723425244149535,0.8057763627225313,0.9156387051363992,1.0232174117728254,1.0102309139887975,1.051595449777445,1.009823441229619,1.0081867205855837,0.9840028439388552,0.9928067337646984,1.0044594516964225,0.99292381639659
3312,0.9221019183597706,0.9796732357232728,0.9026077642267384,0.959434757111298,1.0514326065897242,1.0153465488532167,1.0513328002898783,1.0817737375331522,1.1210679355009252,1.0433842313311892,1.0506437930063106,1.0707615803345043
3313,0.3821216229836313,0.3846279087320474,0.4127923948469166,0.4969746066990568,0.5027201468562804,0.5285529530708296,0.502670132427552,0.5307826933435953,0.3755522827687775,0.5158843664340923,0.5131946159081644,0.5350404667472702
3363,0.8216558843963785,0.8875237454802812,0.9695228880094378,0.8180299424158683,0.8972018844483077,0.9069973859976386,0.897426187992898,0.8846072723456512,0.9010309278350516,0.9253047643650862,0.9017456692300831,0.8915210973489376
3391,1.135782570583742,1.1096036917134482,1.0769559941439322,1.5198631097653306,1.3874293896864969,1.3893646074495871,1.3873976315088887,1.384288019845485,1.3932798778159603,1.375058597880565,1.381590031076559,1.4016759174329825
3436,1.0089313354086566,1.030940595938454,1.056081417157394,0.863343262094885,1.172269254195267,1.179504139927413,1.172304712101372,1.1748963406770088,1.1399116347569955,1.193304817932448,1.1590870731536544,1.187250034395888
3457,0.5114998086210575,0.5889329333494556,0.5804770134311988,0.6761026162898001,0.91406464363739,0.8774955073543074,0.9148166811734126,0.8789096238656054,0.9248895434462444,0.9246594865818396,0.8865776050574856,0.9433222768052224
3462,0.6179893987005577,0.6104464760918377,0.6114874408068834,0.7315767600861774,0.8684937430587242,0.8501428454061434,0.8686526383020382,0.8713273301452019,0.8639806438039134,0.8836371779564279,0.8727061602520056,0.8814443767335978
3471,0.6131959235471797,0.6090089342989105,0.6741820734335375,0.6376693654818406,0.7359182274405451,0.7176739944695317,0.7360696675606674,0.7306533013695397,0.7716798059429957,0.728098058774143,0.7360400627145464,0.7478517920762345
3503,0.5545170200319475,0.5438618955046669,0.5236098515154264,0.7467267897462498,0.8863444603781041,0.9241471632114036,0.8862749225946771,0.8863009129764994,0.8958762886597939,0.8804291970505027,0.8783970152232529,0.8915654345744792
3512,0.5600424381113638,0.5446891016198592,0.6301434827301713,0.4778974317005833,0.5947930923854583,0.5933867269352362,0.5947524139564884,0.6051466788023302,0.6099656357388317,0.6064538219797111,0.6055449142804197,0.604463488843687
3519,0.3256640340156155,0.3705604433394205,0.3897901655595011,0.4800050043331683,0.3452884905057142,0.3365607363610957,0.3454938666361126,0.3402763008601283,0.3649484536082472,0.3712372929820658,0.3520626828845806,0.3625973165862349
3547,0.731607030310895,0.8881334335844969,0.7143901048018368,0.7696215561846232,0.6709057439416526,0.647644790069608,0.6716151153344515,0.6017062814347296,0.5945017182130583,0.64565738153927,0.6619026652120571,0.6661137584956133
3626,0.7913173119519433,0.7506222703148188,0.8323972555593373,0.6300133984053637,0.6623656516369694,0.7272716455815317,0.6619292547685528,0.6661200518572993,0.7061855670103092,0.6501407401195174,0.6419029095297232,0.7075018033169272
3648,0.8316616374092798,0.8184776698089264,0.8490301951656527,1.0747152953828334,1.1294400796595867,1.0925523032753148,1.1296580611859697,1.140089777495367,1.1566522296101995,1.1412057543853982,1.131592719375129,1.1441307107036711
3693,0.427470211932619,0.4132264637266213,0.5101675720828155,0.6071321192091782,0.8694792502113046,0.882769133631398,0.8696546105394053,0.8775106945964158,0.8777614138438878,0.9205925597140852,0.8775630488221781,0.8953558187004115
3695,0.7165066937526631,0.7305753837894531,0.7478931674001087,0.6567287238373548,0.7579855738040704,0.7883021105509495,0.7579871981194187,0.7540747744772017,0.7371134020618555,0.7419508589210504,0.7413772441609955,0.7641908073619297
3733,0.7936552347376897,0.7863731912410634,0.826747490044027,0.7962856107794091,0.963350544994046,0.9767392177676254,0.96370587419799,0.9528002581007596,0.9558173784977908,0.9552347645864931,0.9467984660615424,0.9861130657100388
3751,0.6258236212395941,0.5993012758528674,0.6535983886801617,0.7489317385112857,0.9566607414809496,0.9314066740887084,0.956360779056734,0.9921291347935745,0.9739813451153656,0.9717802794238448,0.9811567175870368,0.97470936348552
3768,0.4508116989297496,0.4155110295244867,0.4609709479763079,0.6048044997021458,0.8661362578011911,0.8407251324825037,0.8663645049017917,0.8793398222207671,0.8530927835051546,0.8764919993115502,0.8879432240169922,0.8847159927616683
3821,1.2172440632446513,1.2729351040462544,1.1712118793318471,1.199132125370236,1.211958149428727,1.2034446942641848,1.2119375265529382,1.226174155998188,1.2474226804123711,1.243408153085818,1.2270570759779271,1.2048274032371715
3824,0.2985390092261612,0.3016777683826793,0.3113155747779143,0.5284521623488744,0.7385430853383459,0.7426099110725405,0.7381882514171875,0.7491008620698937,0.8438880706921942,0.7189385831559107,0.7221234679572502,0.7551564933213031
3963,0.7375867105677383,0.7009774141883572,0.794838795387945,0.7579571678383991,0.6970956656952906,0.703112682729761,0.6973349800561924,0.6848228943924763,0.7069219440353459,0.6599917493072749,0.6811678796054996,0.7279637273985208
3995,1.1007683435007678,1.073125622887453,1.2195443637915413,1.185911367452494,1.1282784360081404,1.1260932176489316,1.128313720216292,1.132431417751109,1.1701030927835054,1.1437814720221098,1.138706675959895,1.131926888146194
4042,0.5587045102306386,0.5794757778312194,0.5616768525672952,0.8328313405298958,1.082296840212574,1.061332980150231,1.0825170133566446,1.0951104061681718,1.0873834069710355,1.102772074204895,1.0923445507588103,1.101975265549544
4085,0.6751712251925379,0.6542551171074233,0.7179246720841607,0.6326846689812446,0.6796131726261735,0.7621708629786289,0.6788059070322578,0.7089141181617354,0.8674521354933724,0.6741745419174426,0.6694025092576075,0.7071725034563255
4116,0.2264732633721428,0.2687877271861755,0.2994840250177245,0.2980217763491043,0.3521505811466815,0.3664043274383862,0.3523596159258826,0.3115494193806516,0.4218873909595559,0.3329185487366924,0.3158985490177064,0.3286459909201508
4126,0.6087906981816799,0.5627720389295104,0.6715531850998735,0.6558069552637403,0.6230530390406059,0.6045333075547624,0.6229713580091435,0.6658027427216581,0.6935655883398506,0.6455210497602526,0.6499734497500298,0.6385502448022429
4169,0.6642347029287977,0.7431671923078415,0.6154936232291505,0.4725266208512833,0.8554515156375816,0.8383105276853721,0.8558838146025233,0.8687772913929626,0.727540500736377,0.871906311579332,0.842256651349221,0.8653274620507379
4258,0.5052353376719813,0.4762206009735409,0.4698366726532603,0.447933517158433,0.545614032356439,0.5464932970294737,0.5458040414451761,0.5086341139344336,0.5211912943871706,0.5284291579014462,0.5140741794571374,0.5380749972131235
4277,0.6093684620164317,0.5965604452306559,0.6697101249967206,0.6006146538389026,0.7161786247019956,0.7585267361634291,0.716044247273261,0.7151902842699047,0.7270495827196858,0.7382921023471659,0.6977331888735369,0.7210276622883688
4294,1.3965931234447622,1.4258124562439949,1.4766920418204847,1.893692174956185,1.4532081373473658,1.4994325298319862,1.4532503038292934,1.3879891463921696,1.3711340206185567,1.3682872251842708,1.379942650409497,1.5019532449631174
4312,0.5544641480764971,0.6067819857100494,0.6113834499202646,0.9048317756013756,0.8027242642618887,0.7533423220682641,0.8030891758498837,0.8224865447351303,0.8057155852031535,0.8298851414114412,0.8142245520314713,0.8253773181941194
4448,0.4559517792866163,0.3778552479096935,0.378555318794714,0.7023603731223851,0.5001734062550027,0.4261051786328526,0.499922331778756,0.6213453080321446,0.7714776632302405,0.6715858523507858,0.6306569012332741,0.4058034645557344
4543,0.6689331732778713,0.6273532264235999,0.7102476592231408,0.7573447248618159,0.8795487593775637,0.8550138870491395,0.8797078769701367,0.8977793728091807,0.9230025773195876,0.9061520515786768,0.8928949677041995,0.8871817877992579
4579,0.6118987528773492,0.5981901808170508,0.6032251516446228,0.7435764062053618,0.8930719042900503,0.8845504181531616,0.8932807851326601,0.8956564704901182,0.867168913560666,0.8945327399867261,0.8935324546500165,0.9109524190904552
4600,1.0628348563254204,1.1208090187015305,1.0816932005629818,1.1882563813633136,1.3137652150304129,1.3482170488555474,1.3135204380766603,1.3035925351068751,1.3172966781214204,1.2696023654539357,1.299753239952774,1.3410156140695209
4607,0.4788622160580388,0.4740454599409317,0.5058989216041306,0.6554862493075803,0.5676513867686965,0.5952903956174036,0.5675492618279656,0.5570819403451086,0.5963315035479984,0.5539541739371504,0.5547256780242394,0.5598750487471313
4634,0.4144517215327907,0.4028910502721127,0.3333365098471572,0.1326473214560349,0.4252265439292628,0.4747332209050628,0.4253840733765799,0.5110776528007646,0.4867943053510063,0.6556020468890705,0.5783102704276695,0.4027539521609831
4680,0.8193343587668834,0.8024227903586015,0.9133828044373072,0.7300518320980881,0.761820163941714,0.7163714813832377,0.7623864399329773,0.7296709931216381,0.7225866916588566,0.7368943692380956,0.7352762518678827,0.7694194673579766
4823,0.6276010825700626,0.6303075987982046,0.6086689933765705,0.83745207393018,1.0064146927370536,1.0327782383636424,1.0062225205302635,0.9839326487379276,0.9716494845360826,0.968720160125285,0.970798279597371,1.0103497282483056
4829,0.2693856442056995,0.2720281888551791,0.2933052161159152,0.3187920635985977,0.3621060975397285,0.387666443350889,0.3622342525402411,0.3418737674959113,0.3883161512027491,0.3501293577069012,0.3337411891884048,0.3533786448010389
4834,0.566525084884143,0.5281930134387299,0.5278253768412462,0.5310241978696951,0.5761080706832465,0.6093495423183386,0.5758706127637176,0.5610950206654239,0.5787415570565232,0.560769225318947,0.5607082278067625,0.5589345391074703
4842,1.132718649150295,1.0584332657493258,1.1972751886655868,1.1737778030584665,0.8726609714058853,0.7918167321983258,0.8737460151789832,0.790010144311878,0.7164948453608249,0.8290962936277296,0.8327638733443515,0.8862583577717996
4867,0.618443420535016,0.6201979493396815,0.8509060434196453,0.4285714285714285,0.8544945729023035,0.8878445627764904,0.854472061397462,0.8710232150107182,0.895925380461463,0.884735808859919,0.8594278865275901,0.8521396928843592
4934,0.9892166395573572,1.0561039089721165,1.0930189264090169,1.0545961461140847,1.079938602392008,1.0502696395627544,1.0804970533726834,1.070120344039594,1.0631858995676755,1.103690741159147,1.0717391230640776,1.0944802843561872
4950,0.5423547757024106,0.5713003128513636,0.5014149760423983,0.63349679713905,0.5897260661424537,0.5935669793177657,0.5899263205787312,0.5543512969652369,0.5537555228276878,0.5734878570423779,0.5571439255612051,0.5826766980111232
5054,0.5198446189162494,0.5335623057806393,0.755670666552382,0.6079180182639019,0.7747502598868108,0.7361734630576371,0.7752914624122007,0.7347586307425068,0.8121420389461627,0.7889970948575036,0.7475037625906801,0.7931886511644397
5096,0.542612394423197,0.5738542347714303,0.5736561269106368,0.6202698678428737,0.6508052683178439,0.672020283008757,0.6509292817274115,0.6277931233886419,0.6964490263459334,0.6226023539709248,0.6202469805174119,0.6722734758993629
5205,0.8846728803395697,1.0365423028876155,0.9726041461140064,1.497998693013137,1.5038566426965745,1.442841701973954,1.5042258657537848,1.5449540856328872,1.4484536082474226,1.5669254230661644,1.559434667496204,1.5283397731590729
5242,0.8670777404873778,0.9145070551114268,0.998905117846595,1.1043006723056443,1.168749946038257,1.1173140934550558,1.169787326885488,1.148944294285959,1.0429553264604812,1.1598608429442532,1.139210157642186,1.1945277392981886
5304,0.4218883154911154,0.4948383695814155,0.3697739821353971,0.4873729939350927,0.4839734025061165,0.3620352696969734,0.4857527315047384,0.4736423841096279,0.4659793814432988,0.5558775568464621,0.4639779280628698,0.5311699173919254
5312,0.9385163867538326,0.9617454943397832,0.9920672042675412,1.1346423443896907,0.9807486981166096,0.9179547820003991,0.9808339843052024,1.0101288787746507,0.9855670103092782,1.00996321149922,1.0256037568260647,0.9526544390161164
5317,0.5222955487784907,0.5175053104126901,0.4529100344755934,0.6297099479352692,0.9398025571467232,0.989619723610576,0.9397070498011556,0.9255778692093052,1.0274914089347076,0.9151001636381836,0.9215854032890504,0.9322508220992892
5329,0.49802210843871,0.5985062284286596,0.4627112090283996,0.4313077040340097,0.5279772278545973,0.51242053746926,0.5286559762274813,0.516298059073871,0.395189003436426,0.5069317631267002,0.5116403899328804,0.5237021504829761
5333,0.602369159613111,0.5631567738737854,0.5933482603942033,0.5966099462431135,0.5688847249396539,0.5654142209293466,0.568795837533333,0.5708727324202206,0.5581068416119962,0.5636784477525262,0.5460272257213012,0.5833884912083865
5387,0.8473100150550819,0.8962801750188568,0.8034613342054293,1.2982527816123073,1.1410870099171493,1.1515090946945217,1.1409453496913542,1.179072590763535,1.1871134020618554,1.1903395856240095,1.1611580438236349,1.1491022794192325
5394,0.4495937341912486,0.4490815817563335,0.483132199956286,0.556515767318942,0.7199514888390225,0.6830043625987515,0.7201725096716943,0.7247489009322393,0.7282099343955013,0.716513811495608,0.7147559441820086,0.7359648514685149
5424,0.4757580954980333,0.4556057134386432,0.400088947747357,0.175998003645761,0.4259092314362392,0.5203729420891116,0.425917873425695,0.3730590790605568,0.3072164948453606,0.3388794950915417,0.3537057945142733,0.4684051134270903
5458,0.6600106498118327,0.6546203913024768,0.7193070591657329,0.8408713907594146,0.886206868316882,0.8877224155267541,0.8862281316148548,0.8793483205522161,0.8273932253313696,0.8642510819386123,0.8735720696694731,0.9015488614987452
5475,0.6421174779758727,0.6164126884847907,0.5696448612670257,0.7625933348998974,1.1172991168335709,1.1365635490045034,1.1177053284912533,1.0505071438436016,1.0077319587628866,1.0290681843034266,1.0507740428202414,1.1271387142557348
5493,0.815548888318061,0.7917101857088468,0.8040389261622618,0.9483686260513208,1.0238024726757258,1.036133882667418,1.0239886509330398,1.0029611585267544,1.019235604727181,1.000473493743887,0.9995399313080346,1.0324975170162254
5539,0.4641620592678956,0.4637834522048362,0.5759066667222097,0.3483752344801752,0.4766027332812934,0.4926644441126492,0.4768456245073127,0.4442599233302795,0.4965635738831615,0.4558014596721833,0.4414418570594147,0.4763517247224911
5605,1.2481918797072826,1.2476893970543894,1.292166930986702,1.130310613532237,1.1104030639251146,1.1182164687840708,1.1105949483108517,1.107462328137078,1.1281296023564065,1.1151912114924027,1.1153943924467524,1.1045267682774966
5626,0.7251581783599164,0.7199520602897665,0.7316166057925907,0.6208711667315862,0.8447003681816763,0.7918067677702183,0.8449335648565232,0.887016886939676,0.9137276180141072,0.9104582500707408,0.8929762911157371,0.8057618384005044
5636,1.116534962147528,1.0777916035189783,1.1100708740401937,1.2411288415172566,1.1493732420148963,1.1591193733560563,1.1491899958076088,1.1661769247343674,1.19892221180881,1.2025923359654338,1.1590762839205653,1.13798550096233
5787,0.6725530881241581,0.6663217121903557,0.6777680789299506,0.9351255101711714,0.9773831978933948,0.9736620054842704,0.9776728579495618,0.9661128994175884,0.9668031371775268,0.9728840045790648,0.968688553483592,0.9987087675803534
5938,0.6004486291977947,0.6097275050311722,0.6290588783240759,0.6806899970355281,0.8705101925167278,0.8897738867295294,0.870582002815238,0.8486020995362303,0.8578671624133852,0.8573892812426817,0.8457987031399128,0.8688278778935935
5948,0.4949458118708075,0.4488925054964223,0.5710835220519259,0.8387922195201007,0.5250924415817233,0.47349238386637,0.524676287154812,0.6391684040517817,0.5936931473620377,0.6604150032259501,0.6483208488793021,0.4482552355917533
5956,0.4211475742971676,0.4323765636061253,0.4184116915629846,0.6394770338249526,0.6633726296573155,0.6270239382707354,0.6635063000603645,0.6709027908659413,0.7515954835542464,0.661135294409277,0.6644858489280351,0.679892228384003
